"MOVIE_TITLE";"MOVIE_ROW_ID";"PLAYER";"VERSION";"QUALITY";"LINK"
"The Curse Of Sleeping Beauty";"1";" 
openload";"VFQ";"DVDRIP";"https://openload.co/embed/una5YyTI9N0/"
"The Curse Of Sleeping Beauty";"1";" 
allvid";"VFQ";"DVDRIP";"http://allvid.ch/embed-bxgtz7yi6349.html"
"The Curse Of Sleeping Beauty";"1";" 
exashare";"VFQ";"DVDRIP";"http://exashare.com/embed-yh716embknox.html"
"Bridget Jones Baby";"2";" 
openload";"VO";"DVDRIP";"https://openload.co/embed/AGnSO0TKDUY/"
"Bridget Jones Baby";"2";" 
youwatch";"VO";"DVDRIP";"http://youwatch.org/embed-7vkdvdu9wbfv.html"
"Bridget Jones Baby";"2";" 
exashare";"VO";"DVDRIP";"http://exashare.com/embed-z2vbpn7ax7v0.html"
"Bridget Jones Baby";"2";" 
allvid";"VO";"DVDRIP";"http://allvid.ch/embed-tsobi6ti5er8.html"
"Sully";"3";" 
allvid";"VO";"DVDRIP";"http://allvid.ch/embed-ckdo7jugdkdv.html"
"Sully";"3";" 
exashare";"VO";"DVDRIP";"http://exashare.com/embed-p6o5e406j5xh.html"
"Sully";"3";" 
youwatch";"VO";"DVDRIP";"http://youwatch.org/embed-jza6rv2agyxl.html"
"Sully";"3";" 
openload";"VO";"DVDRIP";"https://openload.co/embed/jI_vmyu5x0w/"
"Inferno (2016)";"4";" 
allvid";"VO";"CAM";"http://allvid.ch/embed-soinn5ddte8m.html"
"Inferno (2016)";"4";" 
exashare";"VO";"CAM";"http://exashare.com/embed-zi0yyean1xu3.html"
"Inferno (2016)";"4";" 
youwatch";"VO";"CAM";"http://youwatch.org/embed-ugm7qqencv4r.html"
"Inferno (2016)";"4";" 
openload";"VO";"CAM";"https://openload.co/embed/qOE78Xy3F6A/"
"Abattoir (2016)";"5";" 
openload";"VOSTFR";"DVDRIP";"https://openload.co/embed/sXc3EAeX6Bg/"
"Abattoir (2016)";"5";" 
allvid";"VOSTFR";"DVDRIP";"http://allvid.ch/embed-cxm4u302jvlc.html"
"Abattoir (2016)";"5";" 
exashare";"VOSTFR";"DVDRIP";"http://exashare.com/embed-0wysoml1v44d.html"
"The Dog Who Saved 6: Le Chien qui a sauvé l'été";"6";" 
openload";"VF";"DVDRIP";"https://openload.co/embed/3JXBuJx58SU/"
"The Dog Who Saved 5: Le Chien qui a sauvé Pâques";"7";" 
openload";"VF";"DVDRIP";"https://openload.co/embed/1XrxQ-DT7HE/"
"The Dog Who Saved 4: Le Chien qui a sauvé Noël";"8";" 
openload";"VF";"DVDRIP";"https://openload.co/embed/amwMjTn9td4/"
"Père malgré lui";"9";" 
openload";"VF";"DVDRIP";"https://openload.co/embed/NNwntpPmLco/"
"Les coeurs patients";"10";" 
openload";"VF";"DVDRIP";"https://openload.co/embed/nnRW-nralKI/"
"Un papa tombé du ciel";"11";" 
openload";"VF";"DVDRIP";"https://openload.co/embed/goQ-RK9kyLA/"
"La maison des souvenirs (Legally Tender)";"12";" 
openload";"VF";"DVDRIP";"https://openload.co/embed/UfXUlqaSyTY/"
"L'expérience de Noël";"13";" 
openload";"VF";"DVDRIP";"https://openload.co/embed/nCBpdqgz-N4/"
"Les Aventures de Billy Stone: le médaillon sacré";"14";" 
openload";"VF";"DVDRIP";"https://openload.co/embed/1qYcDiVNWf8/"
"L'Affaire Cate McCall (Mensonges et faux semblants)";"15";" 
openload";"VF";"DVDRIP";"https://openload.co/embed/bsxw7H7zztU/"
"Joséphine (2013)";"16";" 
openload";"VF";"DVDRIP";"https://openload.co/embed/BkxHh216M50/"
"Dangers virtuels";"17";" 
openload";"VF";"DVDRIP";"https://openload.co/embed/q3E2e8WtgT4/"
"Foster (Un cadeau inattendu)";"18";" 
openload";"VF";"DVDRIP";"https://openload.co/embed/a9hiKZI2ACo/"
"Dangereuse obsession";"19";" 
openload";"VF";"DVDRIP";"https://openload.co/embed/f_I9OctZBsY/"
"Comme une image";"20";" 
openload";"VF";"DVDRIP";"https://openload.co/embed/lgL2bX8v-18/"
"Un Nouveau départ (2016)";"21";" 
openload";"VF";"DVDRIP";"https://openload.co/embed/-Z8byC5gdq0/"
"Amour versus glamour";"22";" 
openload";"VF";"DVDRIP";"https://openload.co/embed/qnB2jYXIrhM/"
"American Graffiti, la suite";"23";" 
openload";"VF";"DVDRIP";"https://openload.co/embed/erNS7FwIqsA/"
"American Graffiti, la suite";"23";" 
allvid";"VF";"DVDRIP";"http://allvid.ch/embed-ac6nfl4q56b8.html"
"American Graffiti, la suite";"23";" 
exashare";"VF";"DVDRIP";"http://exashare.com/embed-4rq7qusyfrua.html"
"February";"24";" 
openload";"VFQ";"DVDRIP";"https://openload.co/embed/FxCcVMNX1yc/"
"February";"24";" 
exashare";"VFQ";"DVDRIP";"http://exashare.com/embed-iwrxgwjo8i8w.html"
"February";"24";" 
allvid";"VFQ";"DVDRIP";"http://allvid.ch/embed-7v7n7fjqfz5h.html"
"The Late Bloomer";"25";" 
openload";"VF";"DVDRIP";"https://openload.co/embed/SuMwtAfw538/"
"The Late Bloomer";"25";" 
allvid";"VF";"DVDRIP";"http://allvid.ch/embed-jxydo0rjzas6.html"
"The Late Bloomer";"25";" 
exashare";"VF";"DVDRIP";"http://exashare.com/embed-xoiuw625ne5h.html"
"La Fille du patron";"26";" 
exashare";"VF";"DVDRIP";"http://exashare.com/embed-1x1dpdang67v.html"
"La Fille du patron";"26";" 
openload";"VF";"DVDRIP";"https://openload.co/embed/YtTxsyTZoHc/"
"Barbie 34 - Barbie et ses soeurs: À la recherche des chiots";"27";" 
openload";"VF";"DVDRIP";"https://openload.co/embed/ayke0HckeVY/"
"Within";"28";" 
allvid";"VOSTFR";"DVDRIP";"http://allvid.ch/embed-wrkgjkg1ce13.html"
"Within";"28";" 
openload";"VOSTFR";"DVDRIP";"https://openload.co/embed/lj-DbxOFbXI/"
