"ROW_ID";"TITLE";"ALT TITLE";"RLS DATE";"DURATION (MIN)";"DIRECTORS";"ACTORS";"CATEGORIES";"ORIGIN";"NB_SEASONS";"NB_EPISODES";"DESCRIPTION";"IMAGE";"KEYWORDS"
"1";"Close to the Enemy";"ND";"En cours";"60 min";"Stephen Poliakoff";"Angela Bassett, Alfie Allen, Sebastian Armesto";"26,29,30";"Royaume-Uni";"1";"8";"1946. Londres est ravagée par la guerre. Le capitaine Callum Ferguson se voit confier une mission diplomatique délicate : persuader un éminent scientifique allemand venant d’être arrêté de collaborer avec les services secrets britanniques.";"http://static.media.dpstream.net/s/6992/close-1478862144.jpg";"Série Close to the Enemy streaming,Close to the Enemy dpstream, Série Close to the Enemy HD, Close to the Enemy streaming VF"
"2";"American Experience";"ND";"En cours";"50 min";"Henry Hampton,  Stephen Fitzmeyer";"Morgan Freeman, Liev Schreiber, Stacy Keach, Peter Coyote, Eli Wallach, Laura Linney, Walt Disney, Jason Robards, Kathy Bates, Philip Bosco";"25,30,92,94,98";"États-Unis";"28";"318";"American Experience est une série documentaire créée en 1988 et toujours diffusée sur la chaîne de télévision publique américaine PBS.
De grands noms tels que Walt Disney, Liev Schreiber, Peter Coyote, Stacy Keach, Eli Wallach, Laura Linney, Philip Bosco et Kathy Bates, Jason Robards et Morgan Freeman ont participé à la série en tant que narrateurs ou interprètes.
Plusieurs épisodes ont été distingué en recevant des Peabody Awards considérés comme la plus vieille distinction dans les médias modernes, et sont généralement considérés comme la plus prestigieuse récompense dans les domaines du journalisme télévisé ou radiodiffusé, la réalisation de documentaire, les programmes éducatifs et le divertissement.

Liste (anglaise) des épisodes
https://en.wikipedia.org/wiki/List_of_American_Experience_episodes";"http://static.media.dpstream.net/s/6991/zzaf---american-experience---v1-1478824902.jpg";"Série American Experience streaming,American Experience dpstream, Série American Experience HD, American Experience streaming VF"
"3";"Mariés au premier regard";"ND";"En cours";"90 min";"Groupe M6";"Cathe­rine Solano, Stéphane Edouard, Pascal de Sutter";"34,38,94,96";"France";"1";"3";"La science peut-elle nous aider à trouver le grand amour ? Alors que les sites ou applications de rencontres se multiplient et que les moyens de trouver le partenaire idéal semblent plus nombreux qu'auparavant, un constat s'impose...

Les experts : Pascal de Sutter, docteur en psychologie, Catherine Solano, médecin sexologue et andrologue, Stéphane Edouard, sociologue

Adaptation française du format américain <b>Married at first sight </b>";"http://static.media.dpstream.net/s/6990/zzaf---mariés-au-premier-regard--2016-v1-1478807318.jpg";"Série Mariés au premier regard streaming,Mariés au premier regard dpstream, Série Mariés au premier regard HD, Mariés au premier regard streaming VF"
"4";"Hindenburg, l'ultime odyssée - Hindenburg, le géant des airs";"Hindenburg: The Last Flight";"En cours";"90 min";"Philipp Kadelbach";"Stacy Keach, Maximilian Simonischek, Lauren Lee Smith";"1,22,26,39";"Allemagne";"1";"2";"Évocation de l'une des plus grandes catastrophes aériennes de l'histoire : l'incendie du dirigeable allemand Hindenburg en 1937.";"http://static.media.dpstream.net/s/6989/zzaf---hindenburg-lultime-odyssée-1478664803.jpg";"Série Hindenburg,  l'ultime odyssée - Hindenburg,  le géant des airs streaming,Hindenburg,  l'ultime odyssée - Hindenburg,  le géant des airs dpstream, Série Hindenburg,  l'ultime odyssée - Hindenburg,  le géant des airs HD, Hindenburg,  l'ultime odyssée - Hindenburg,  le géant des airs streaming VF"
"5";"Frontier";"ND";"En cours";"60 min";"Brad Peyton,  Kelly Makin,  John Vatcher";"Alun Armstrong, Landon Liboiron, Jason Momoa";"20,40";"États-Unis";"1";"6";"Cette série d’action et d’aventure suit la lutte violente et chaotique pour la prise de pouvoir et le contrôle des richesses dans l’Amérique du Nord de la fin du 18e siècle. Racontée sous différentes perspectives, la série se déroule dans un monde où les négociations commerciales peuvent se solder par un coup de hache et où les relations sensibles entre les tribus d’indiens d’Amérique et les Européens peuvent se transformer en bain de sang.";"http://static.media.dpstream.net/s/6988/545983.jpg-r_640_600-b_1_d6d6d6-f_jpg-q_x-xxyxx-1478528202.jpg";"Série Frontier streaming,Frontier dpstream, Série Frontier HD, Frontier streaming VF"
"6";"Dirk Gently's Holistic Detective Agency (2016)";"Dirk Gently's Holistic Detective Agency";"En cours";"60 min";"Max Landis";"Elijah Wood, Samuel Barnett, Hannah Marks";"23,33,35,39";"États-Unis";"1";"3";"Les étranges aventures de l'excentrique Dirk Gently et de son assistant Todd à propros de mystérieuses affaires...";"http://static.media.dpstream.net/s/6987/121946.jpg-r_640_600-b_1_d6d6d6-f_jpg-q_x-xxyxx-1478430295.jpg";"Série Dirk Gently's Holistic Detective Agency (2016) streaming,Dirk Gently's Holistic Detective Agency (2016) dpstream, Série Dirk Gently's Holistic Detective Agency (2016) HD, Dirk Gently's Holistic Detective Agency (2016) streaming VF"
"7";"Miraculous, les aventures de Ladybug et Chat Noir";"ND";"En cours";"26 min";"Thomas Astruc";"Anouck Hautbois, Benjamin Bollen, Antoine Tomé";"1,19,23";"France, Japon, République de Corée";"2";"26";"Marinette et Adrien sont deux collégiens presque comme les autres. À la moindre menace sur Paris, ils deviennent Ladybug et Chat Noir. Leur mission : capturer les Akoumas du mystérieux Papillon qui transforment les Parisiens en supervilains. Si les deux héros font équipe, chacun ignore la véritable identité de l’autre : Marinette ne sait pas que derrière Chat Noir se cache Adrien, le garçon qu’elle aime secrètement ; et Adrien, dont le cœur bat pour Ladybug, ignore que derrière le costume de la superhéroïne se dissimule la fille sympa et tête en l’air de sa classe…";"http://static.media.dpstream.net/s/6986/zzaf---miraculous-les-aventures-de-ladybug-et-chat-noir-2015-1478315059.jpg";"Série Miraculous, les aventures de Ladybug et Chat Noir streaming,Miraculous, les aventures de Ladybug et Chat Noir dpstream, Série Miraculous, les aventures de Ladybug et Chat Noir HD, Miraculous, les aventures de Ladybug et Chat Noir streaming VF"
"8";"The Crown";"ND";"En cours";"40 min";"Peter Morgan";"Claire Foy, John Lithgow, Matt Smith (IV)";"26,30,92";"États-Unis";"1";"10";"La série se concentre sur la Reine Elizabeth II, alors âgée de 25 ans et confrontée à la tâche démesurée de diriger la plus célèbre monarchie du monde tout en nouant des relations avec le légendaire premier ministre Sir Winston Churchill. L’empire britannique est en déclin, le monde politique en désarroi… une jeune femme monte alors sur le trône, à l’aube d’une nouvelle ère.";"http://static.media.dpstream.net/s/6985/thecrown-1478269028.jpg";"Série The Crown streaming,The Crown dpstream, Série The Crown HD, The Crown streaming VF"
"9";"DiCaire Show";"ND";"En cours";"120 min";"Franck Broqua,  Frank Saurat";"Véronic Dicaire";"32,36,94,97";"France";"1";"2";"Imitatrice, chanteuse, comédienne, danseuse, Véronic DiCaire est devenue en quelques années une figure incontournable du divertissement. Celle qui s'est révélée en assurant la première partie de Céline Dion en 2008 a depuis conquis le coeur des Français en imitant à s'y méprendre plus de cent voix françaises et internationales et en remplissant les salles de spectacles les plus prestigieuses. 
Dans la grande tradition des shows à l'Américaine, Véronic DiCaire mélange imitations, parodies, sketches et musique. 
Autour d'un grand orchestre, elle reçoit les plus grands artistes français du rire et de la chanson.";"http://static.media.dpstream.net/s/6984/zzaf---le-dicaire-show---2016-v1-1478199440.jpg";"Série DiCaire Show streaming,DiCaire Show dpstream, Série DiCaire Show HD, DiCaire Show streaming VF"
"10";"Stan Against Evil";"ND";"En cours";"22 min";"Dana Gould";"John C. McGinley, Janet Varney, Nate Mooney";"23,95";"États-Unis";"1";"8";"Stan, shérif forcé de prendre une retraite anticipée, a du mal à passer le flambeau à sa remplaçante, Evie. Les deux vont néanmoins former une alliance afin de combattre des démons qui hantent la ville, construite sur le lieu d'un massacre de sorcières au 17ème siècle.";"http://static.media.dpstream.net/s/6983/331252.jpg-r_640_600-b_1_d6d6d6-f_jpg-q_x-xxyxx-1478167203.jpg";"Série Stan Against Evil streaming,Stan Against Evil dpstream, Série Stan Against Evil HD, Stan Against Evil streaming VF"
"11";"The Moonstone";"ND";"En cours";"45 min";"Lisa Mulcahy";"Joshua Silver, Nisa Cole, Leo Wringer";"26,30,33";"Royaume-Uni";"1";"5";"Un bijou de grande valeur disparaît, après une soirée mondaine dans une demeure anglaise, au beau milieu de la campagne. Le charismatique Franklin Blake réalise alors qu’il ne pourra conquérir le cœur de la belle et indépendante Rachel Verinder que s’il découvrir qui est le voleur. Or, le nombre de suspects est important. Il demande alors l’aide du Détective Cuff afin d’attraper le coupable et gagner le cœur de la jeune femme.";"http://static.media.dpstream.net/s/6982/mv5bmmeynwu5otktmzm1yi00ymfhlwfmmmitotk5ztqwnta0ztywxkeyxkfqcgdeqxvymjg3mji";"Série The Moonstone streaming,The Moonstone dpstream, Série The Moonstone HD, The Moonstone streaming VF"
"12";"People of Earth";"ND";"En cours";"22 min";"David Jenkins";"Oscar Núñez, Ana Gasteyer, Wyatt Cenac";"23,35";"États-Unis";"1";"10";"Ozzie Graham, un journaliste sceptique, enquête sur un groupe de soutien pour les personnes enlevées par des extra-terrestres, afin de retranscrire de potentielles rencontres surnaturelles. Plus il creuse dans leurs revendications excentriques, plus il se rend compte de la véracité de leurs histoires, et peut-être même de signes qui pourraient prouver son propre enlèvement par des extra-terrestres.";"http://static.media.dpstream.net/s/6981/036211.jpg-r_640_600-b_1_d6d6d6-f_jpg-q_x-xxyxx-1478015333.jpg";"Série People of Earth streaming,People of Earth dpstream, Série People of Earth HD, People of Earth streaming VF"
"13";"Dark Angel (2016)";"Dark Angel";"En cours";"60 min";"Brian Percival";"Alun Armstrong, Seamus O'Neill, Joanne Froggatt";"26,39";"Royaume-Uni";"1";"2";"L'histoire de Mary Ann Cotton, serial killer pendant l'époque Victorienne.";"http://static.media.dpstream.net/s/6980/mv5bmgqwmdewyjmtmde0ys00ztvhlwfkmtytmtcwoguzywjmzte4xkeyxkfqcgdeqxvymjexmjk";"Série Dark Angel (2016) streaming,Dark Angel (2016) dpstream, Série Dark Angel (2016) HD, Dark Angel (2016) streaming VF"
"14";"Talma et le mythe d’Agartha";"Talma & the Myth of Agharta";"En cours";"26 min";"Dario Duran";"";"19,20";"Espagne";"1";"3";"Chine, 1931- L'archéologue Michael Toussaint est en Chine pour effectuer des fouilles dans les montagnes de Kunlun lorsqu'il disparaît mystérieusement. En réalité, il vient de découvrir le «dragon de jade», la clé d'une des entrées de la cité d'Agartha, un royaume souterrain légendaire, relié à tous les continents par un vaste réseau de galeries et de tunnels. Sa fille Talma, journaliste à New York, part immédiatement à sa recherche, accompagnée de son ami Bob...";"http://static.media.dpstream.net/s/6979/zzaf---talma-et-le-mythe-d’agartha--2014-v1-1477965414.jpg";"Série Talma et le mythe d’Agartha streaming,Talma et le mythe d’Agartha dpstream, Série Talma et le mythe d’Agartha HD, Talma et le mythe d’Agartha streaming VF"
"15";"Dream Corp LLC";"ND";"En cours";"42 min";"Daniel Stessen";"Stephen Merchant, Stephanie Allynne, Ahmed Bharoocha";"23,26,35";"États-Unis";"1";"6";"Dream Corp LLC est une thérapie expérimentale menée par le Dr Roberts, qui permet de vivre ses rêves les plus enfouis dans une réalité virtuelle. Mais très vite, le comportement des patients change au fur et à mesure des semaines...";"http://static.media.dpstream.net/s/6978/watch-dream-corp-llc-29387-1477912575.jpg";"Série Dream Corp LLC streaming,Dream Corp LLC dpstream, Série Dream Corp LLC HD, Dream Corp LLC streaming VF"
"16";"Le Mystère Enfield";"The Enfield Haunting";"En cours";"50 min";"Joshua St. Johnston";"Matthew MacFadyen, Rosie Cavaliero, Timothy Spall";"26,39,95";"Royaume-Uni";"1";"3";"Eté 1977, Peggy Hodgson et ses quatre enfants expérimentent des phénomènes très étranges dans leur nouvelle maison située à Einfield. Elle fait alors appel à Maurice Grosse, chercheur débutant dans le paranormal, pour qu’il mène l’enquête. Il est assisté par Guy Lyon Playfair, investigateur expérimenté qui aborde ce cas avec scepticisme.

NB : Si vous avez aimé The Conjuring 2, découvrez la série Le Mystère Enfield";"http://static.media.dpstream.net/s/6977/enfieldj-1477764017.jpg";"Série Le Mystère Enfield streaming,Le Mystère Enfield dpstream, Série Le Mystère Enfield HD, Le Mystère Enfield streaming VF"
"17";"Good Girls Revolt";"ND";"En cours";"55 min";"Dana Calvo";"Genevieve Angelson, Anna Camp, Erin Darke";"26";"États-Unis";"1";"10";"A la fin des années 1960, la vie d'un hebdomadaire national en pleines revendications pour les droits des femmes";"http://static.media.dpstream.net/s/6976/good-girls-1477732341.jpg";"Série Good Girls Revolt streaming,Good Girls Revolt dpstream, Série Good Girls Revolt HD, Good Girls Revolt streaming VF"
"18";"Pure Genius";"ND";"En cours";"42 min";"Jason Katims";"Dermot Mulroney, Odette Annable, Augustus Prew";"26,100";"États-Unis";"1";"13";"James Bell, génie milliardaire spécialisé dans la technologie, embauche le Dr. Walter Wallade, un chirurgien controversé, pour mettre en place Bunker Hill, un hôpital avant-gardiste sensé révolutionner le monde de la santé.";"http://static.media.dpstream.net/s/6975/066288.jpg-r_640_600-b_1_d6d6d6-f_jpg-q_x-xxyxx-1477656520.jpg";"Série Pure Genius streaming,Pure Genius dpstream, Série Pure Genius HD, Pure Genius streaming VF"
"19";"The Great Indoors";"ND";"En cours";"22 min";"Mike Gibbons";"Joel McHale, Christopher Mintz-Plasse, Susannah Fielding";"23";"États-Unis";"1";"13";"Un journaliste d'aventure doit s'adapter le jour où il devient responsable de jeunes adultes du département numérique dans le magazine pour lequel il travaille.";"http://static.media.dpstream.net/s/6974/489055.jpg-r_640_600-b_1_d6d6d6-f_jpg-q_x-xxyxx-1477656290.jpg";"Série The Great Indoors streaming,The Great Indoors dpstream, Série The Great Indoors HD, The Great Indoors streaming VF"
"20";"Médicis : les Maîtres de Florence";"Medici: Masters Of Florence";"En cours";"60 min";"Frank Spotnitz";"Dustin Hoffman, Richard Madden, Annabel Scholey";"26,30";"Italie, États-Unis";"1";"8";"L’ascension de la famille Médicis, de simples commerçants aux banquiers et hommes politiques puissants qui ont déclenché une révolution économique et culturelle dans la Renaissance italienne au xive et xve siècles.";"http://static.media.dpstream.net/s/6973/medicici-1477651754.jpg";"Série Médicis : les Maîtres de Florence streaming,Médicis : les Maîtres de Florence dpstream, Série Médicis : les Maîtres de Florence HD, Médicis : les Maîtres de Florence streaming VF"
"21";"Une ambition intime";"ND";"En cours";"120 min";"Groupe M6";"Nicolas Sarkozy, François Fillon, Karine Le Marchand, Arnaud Montebourg, Bruno Le Maire, Marine Le Pen, Jean-Luc Mélenchon, Alain Juppé, François Bayrou";"94,98";"France";"1";"2";"Ils sont tous candidats à la Présidence de la République, mais qui sont-ils vraiment ? 
Dans « Une ambition intime », Karine Le Marchand dresse des portraits humains, émouvants, drôles parfois, authentiques toujours, de celles et ceux qui ont pris la décision d'accéder à la plus haute fonction de la République. 
Qui sont ces femmes et ces hommes qui souhaitent nous gouverner ? 
C'est sans fard et avec sincérité qu'ils ont décidé de prendre la parole pour nous dévoiler leur enfance, leur histoire...";"http://static.media.dpstream.net/s/6972/zzaf---une-ambition-intime---2016-v1-1477586800.jpg";"Série Une ambition intime streaming,Une ambition intime dpstream, Série Une ambition intime HD, Une ambition intime streaming VF"
"22";"Travelers";"ND";"En cours";"42 min";"Brad Wright";"Eric McCormack, Jared Abrahamson, Patrick Gilmore";"35";"Canada";"1";"12";"Des centaines d'années dans le futur, les hommes parviennent à renvoyer des connaissances dans le passé, jusque dans l'esprit de personnes au XXIème siècle.";"http://static.media.dpstream.net/s/6971/541327.jpg-r_640_600-b_1_d6d6d6-f_jpg-q_x-xxyxx-1477489164.jpg";"Série Travelers streaming,Travelers dpstream, Série Travelers HD, Travelers streaming VF"
"23";"Man With a Plan";"ND";"En cours";"22 min";"Jeff Filgo,  Jackie Filgo";"Matt LeBlanc, Liza Snyder, Matt Cook (III)";"23";"États-Unis";"1";"9";"Après avoir été mère au foyer pendant 13 ans, Andi décide de retourner dans le monde du travail. C'est donc à son mari, Adam, d'être en charge de la maison, et surtout de leurs trois enfants, qui vont être plus compliqués à gérer qu'il ne le pensait.";"http://static.media.dpstream.net/s/6970/310537.jpg-r_640_600-b_1_d6d6d6-f_jpg-q_x-xxyxx-1477471793.jpg";"Série Man With a Plan streaming,Man With a Plan dpstream, Série Man With a Plan HD, Man With a Plan streaming VF"
"24";"Goliath";"ND";"En cours";"55 min";"David E. Kelley,  Jonathan Shapiro";"Billy Bob Thornton";"26,33,99";"États-Unis";"1";"8";"Après avoir perdu une affaire, un avocat sombre dans l'alcoolisme. Sa femme le quitte et il perd son emploi, lâché par son partenaire. Bientôt, une affaire se présente et il a l'occasion d'affronter ce fameux partenaire.";"http://static.media.dpstream.net/s/6969/097919.jpg-r_640_600-b_1_d6d6d6-f_jpg-q_x-xxyxx-1477471528.jpg";"Série Goliath streaming,Goliath dpstream, Série Goliath HD, Goliath streaming VF"
"25";"Class";"ND";"En cours";"45 min";"Patrick Ness";"Fady Elsayed, Greg Austin, Sophie Hopkins";"28,35";"Royaume-Uni";"1";"8";"La Coal Hill Academy n'est pas une école comme les autres. Là-bas, étudiants et corps enseignant se croisent dans les couloirs du bâtiment, partageant leur quotidien peuplé de créatures étranges et rythmé par des voyages temporels.

Spin-Off de Doctor Who. 
http://www.dpstream.net/serie-117-doctor-who-2005.html";"http://static.media.dpstream.net/s/6968/558114.jpg-r_640_600-b_1_d6d6d6-f_jpg-q_x-xxyxx-1477307089.jpg";"Série Class streaming,Class dpstream, Série Class HD, Class streaming VF"
"26";"The Young Pope";"ND";"En cours";"50 min";"Paolo Sorrentino";"Jude Law, Silvio Orlando, Diane Keaton";"26";"Italie, États-Unis";"1";"10";"L'ascension de Pie XIII, né Lenny Belardo, le premier Pape italo-américain de l'Histoire. Cet homme au pouvoir immense est doté d'une personnalité complexe et contradictoire. D'un conservatisme fleurant l'obsurantisme le plus archaïque, il se révèle pourtant éperdu de compassion envers les plus pauvres et les plus faibles. Et malgré les trahisons de son entourage et sa peur de l'abandon, y compris de son propre Dieu, il n'hésitera pas à se battre avec la plus grande ferveur, en franchissant plus d'une fois les limites édictées par les pauvres mortels.";"http://static.media.dpstream.net/s/6967/young-1477212275.jpg";"Série The Young Pope streaming,The Young Pope dpstream, Série The Young Pope HD, The Young Pope streaming VF"
"27";"Robinson Crusoë (2003)";"ND";"En cours";"90 min";"Thierry Chabert";"Nicolas Cazalé, Pierre Richard, Jean-Claude Leguay";"20,26";"Canada, France, Royaume-Uni";"1";"2";"Mars 1744. La Santa Lucia quitte son port d'attache, direction l'Amérique du Sud. A son bord, Robinson Crusoé, propriétaire d'une modeste plantation de canne à sucre et tuteur de la jeune Isabella.

Cette mini-série existe aussi en Format Téléfilm";"http://static.media.dpstream.net/s/6966/zzaf---robinson-crusoë---2003-1477072078.jpg";"Série Robinson Crusoë (2003) streaming,Robinson Crusoë (2003) dpstream, Série Robinson Crusoë (2003) HD, Robinson Crusoë (2003) streaming VF"
"28";"Zapped!";"ND";"En cours";"30 min";"Dan Gaster,  Paul Powell (II)";"James Buckley, Kenneth Collard, Haruka Abe";"23,28";"Royaume-Uni";"1";"10";"Lors d'une expérience, Brian est brusquement transporté dans un monde parallèle. En entrant dans un bar local, il y rencontre le propriétaire, Herman, ainsi que Barbara, Steg et Howell, des habitués de l'établissement quelque peu excentriques. Brian souhaite rentrer chez lui par tous les moyens mais ses nouvelles connaissances ne sont d'aucune aide. Il se retrouve donc coincé dans un monde fantastique qu'il ne comprend pas.";"http://static.media.dpstream.net/s/6965/zapped-1477048710.jpg";"Série Zapped! streaming,Zapped! dpstream, Série Zapped! HD, Zapped! streaming VF"
"29";"Dimanche 20h55";"ND";"En cours";"ND";"France 2";"Laurent Delahousse";"25";"France";"1";"5";"Un dimanche par mois, en prime time, Laurent Delahousse vous propose un nouveau rendez-vous événementiel : Dimanche 20h55. Une soirée pour comprendre l’actualité en remontant le fil de l’Histoire.";"http://static.media.dpstream.net/s/6964/zzaf---dimanche-20h55---v1-1477003501.jpg";"Série Dimanche 20h55 streaming,Dimanche 20h55 dpstream, Série Dimanche 20h55 HD, Dimanche 20h55 streaming VF"
"30";"Chance (2016)";"ND";"En cours";"60 min";"Alexandra Cunningham,  Kem Nunn";"Hugh Laurie, LisaGay Hamilton, Stefania Owen";"26,39";"États-Unis";"1";"20";"Un neuropsychiatre qui va se retrouver en conflit avec l'épouse abusive d'un patient. Le problème ? Cette femme travaille aussi pour... la police !";"http://static.media.dpstream.net/s/6963/chance-1476984993.jpg";"Série Chance (2016) streaming,Chance (2016) dpstream, Série Chance (2016) HD, Chance (2016) streaming VF"
"31";"Crazyhead";"ND";"En cours";"45 min";"Howard Overman";"Cara Theobold, Tony Curran, Susan Wokoma";"23,26,95";"Royaume-Uni";"1";"10";"Alors que certaines personnes meurent et quittent tranquillement le monde des vivants, d’autres ont des affaires inachevées qu’elles souhaitent régler, en prenant possession de corps toujours en vie. La plupart du temps, ces âmes perdues passent inaperçues. Amy est une de ces rares mortels à pouvoir les démasquer. Aidée de Raquel, elle chasse ces démons afin de les renvoyer dans l’autre monde...";"http://static.media.dpstream.net/s/6962/542802.jpg-r_640_600-b_1_d6d6d6-f_jpg-q_x-xxyxx-1476958939.jpg";"Série Crazyhead streaming,Crazyhead dpstream, Série Crazyhead HD, Crazyhead streaming VF"
"32";"Dirty Laundry";"ND";"En cours";"45 min";"Rachel Lang,  Gavin Strawhan";"Tai Berdinner-Blades, Morgan Bradley, Tim Carlsen";"26";"Nouvelle-Zélande";"1";"9";"";"http://static.media.dpstream.net/s/6961/dirty_laundry-1476958668.jpg";"Série Dirty Laundry streaming,Dirty Laundry dpstream, Série Dirty Laundry HD, Dirty Laundry streaming VF"
"33";"Him";"ND";"En cours";"45 min";"Paula Milne";"Fionn Whitehead, Simona Brown, James Murray (XIII)";"26,28,95";"Royaume-Uni";"1";"3";"Piégé entre l'enfance et l'adolescence, HIM, 17 ans, a du mal à trouver sa place dans ses deux familles. Ses parents, divorcés, ont refait leurs vies. Il ne reste plus que lui, dernier souvenir, dernier échec de leur passé. Comme toute personne de son âge, le jeune homme doit faire face à un flot d'émotions plus ou moins confuses, mais il garde aussi un très lourd secret : un pouvoir psychique hérité de son grand-père. Seule sa grand-mère est à même de le comprendre et le supplie d'utliser son don pour faire 'le bien', sinon les conséquences pourraient être catastrophiques.";"http://static.media.dpstream.net/s/6960/him-1476958432.jpg";"Série Him streaming,Him dpstream, Série Him HD, Him streaming VF"
"34";"Le Meilleur pâtissier Spécial Célébrités";"ND";"En cours";"90 min";"Groupe M6";"Cyril Lignac, Jacqueline Mercorelli, Faustine Bollaert";"94";"France";"2";"6";"Plusieurs célébrités s’affrontent au cours d’épreuves bien connues des téléspectateurs et se soumettent au jugement de l'histo­rique duo gagnant composé de Cyril Lignac et de la blogueuse culinaire Mercotte. 
Tout ce petit monde sera genti­ment chapeauté par Faustine Bollaert.

- Saison 01 (Mai / Juin 2016)
- Saison 02 (prévision Octobre 2017)";"http://static.media.dpstream.net/s/6959/zzaf---le-meilleur-pâtissier-spécial-célébrités-1476832431.jpg";"Série Le Meilleur pâtissier Spécial Célébrités streaming,Le Meilleur pâtissier Spécial Célébrités dpstream, Série Le Meilleur pâtissier Spécial Célébrités HD, Le Meilleur pâtissier Spécial Célébrités streaming VF"
"35";"Shoot the Messenger";"ND";"En cours";"45 min";"Jennifer Holness,  Sudz Sutherland";"Lucas Bryant, Elyse Levesque, Lyriq Bent";"26,33,39";"Canada";"1";"8";"Une jeune journaliste pleine d'ambition est témoin d'un meurtre et se retrouve ainsi impliquée dans le monde dangereux de la criminalité, qui s'étend même jusqu'aux grandes entreprises et instances politiques.";"http://static.media.dpstream.net/s/6958/098020.jpg-c_160_214_x-f_jpg-q_x-xxyxx-1476864364.jpg";"Série Shoot the Messenger streaming,Shoot the Messenger dpstream, Série Shoot the Messenger HD, Shoot the Messenger streaming VF"
"36";"Tutankhamun";"ND";"En cours";"45 min";"Guy Burt";"Sam Neill, Max Irons, Amy Wren";"20,26,30";"Royaume-Uni";"1";"4";"Egypte 1905. L'archéologue de renom, Howard Carter, est recruté par l'aristrocrate et égyptologue amateur Lord Carnavon, afin d'explorer la vallée des rois dans le but d'y découvrir le tombeau du pharaon Toutânkhamon. Cependant, les prémices de la Première Guerre Mondiale, les diverses mésaventures et le caractère impulsif de Carter pourraient bien mettre l'expédition en péril...";"http://static.media.dpstream.net/s/6957/tutankhamun-1476702968.jpg";"Série Tutankhamun streaming,Tutankhamun dpstream, Série Tutankhamun HD, Tutankhamun streaming VF"
"37";"Graves";"ND";"En cours";"30 min";"Joshua Michael Stern";"Nick Nolte, Sela Ward, Skylar Astin, Callie Hernandez";"23";"États-Unis";"1";"10";"Margaret Graves, femme de l'ex-président des Etats-Unis Richard Graves, entre en politique alors que son mari joue les Don Quichotte et tente de mettre en lumière les erreurs de son administration vingt ans après son mandat.";"http://static.media.dpstream.net/s/6956/506709.jpg-r_640_600-b_1_d6d6d6-f_jpg-q_x-xxyxx-1476701568.jpg";"Série Graves streaming,Graves dpstream, Série Graves HD, Graves streaming VF"
"38";"Eyewitness";"ND";"En cours";"60 min";"Adi Hasak";"Gil Bellows, Julianne Nicholson, Warren Christie, Tyler Young, James Paxton";"33,39";"États-Unis";"1";"10";"Deux adolescents se rencontrent secrètement dans une forêt où ils assistent à une fusillade, et échappent de peu à la mort. Cherchant à cacher leur amour, ils gardent le silence, mais se rendent compte qu'on n'oublie pas un meurtre aussi facilement...";"http://static.media.dpstream.net/s/6955/578411.jpg-r_640_600-b_1_d6d6d6-f_jpg-q_x-xxyxx-1476701318.jpg";"Série Eyewitness streaming,Eyewitness dpstream, Série Eyewitness HD, Eyewitness streaming VF"
"39";"Sur la trace des Aliens";"In Search of Aliens";"En cours";"42 min";"History Channel";"Giorgio Tsoukalos";"25,94,103";"États-Unis";"1";"10";"Giorgio Tsoukalos présente des hypothèses et des preuves éventuelles d'une vie extraterrestre, créatures mythologiques, et d'autres sujets paranormaux.";"http://static.media.dpstream.net/s/6954/zzaf---sur-la-trace-des-aliens-2014-in-search-of-aliens-1476638818.jpg";"Série Sur la trace des Aliens streaming,Sur la trace des Aliens dpstream, Série Sur la trace des Aliens HD, Sur la trace des Aliens streaming VF"
"40";"Kim's Convenience";"ND";"En cours";"22 min";"Kevin White,  Ins Choi";"Paul Sun-Hyung Lee, Jean Yoon, Simu Liu";"23";"Canada";"1";"13";"Une famille canado-coréenne atypique est en charge d'une épicerie de quartier à Toronto.";"http://static.media.dpstream.net/s/6953/mv5bodqxmmi3zgqtogrlny00mzi3lwe3zmitowrjm2i2yjqyyzgzxkeyxkfqcgdeqxvymzi2mzy";"Série Kim's Convenience streaming,Kim's Convenience dpstream, Série Kim's Convenience HD, Kim's Convenience streaming VF"
"41";"Haters Back Off";"ND";"En cours";"30 min";"";"Harvey Guillen, Colleen Ballinger, Angela Kinsey";"23";"États-Unis";"1";"8";"Inspiré du personnage créé par Colleen Ballinger-Evans, Haters Back Off nous plonge dans la vie délirante de Miranda Sings qui aspire à devenir une célébrité avec une confiance en elle hallucinante malgré la nullité abyssale de son talent. Elle continue à avancer, d'échec en échec, persuadée que la célébrité l'attend.";"http://static.media.dpstream.net/s/6952/haters-1476451558.jpg";"Série Haters Back Off streaming,Haters Back Off dpstream, Série Haters Back Off HD, Haters Back Off streaming VF"
"42";"Rosehaven";"ND";"En cours";"30 min";"Luke McGregor,  Celia Pacquola";"Kris McQuade, Celia Pacquola, Luke McGregor";"23";"Australie";"1";"8";"Daniel et Emma, deux amis proches, retournent dans leur Tasmanie natale pour venir prêter main forte au business de la famille de Daniel.";"http://static.media.dpstream.net/s/6951/rosehaven-1476361258.jpg";"Série Rosehaven streaming,Rosehaven dpstream, Série Rosehaven HD, Rosehaven streaming VF"
"43";"Channel Zero";"ND";"En cours";"42 min";"Nick Antosca";"Paul Schneider, Fiona Shaw, Amy Forsyth";"39,95";"États-Unis";"2";"6";"Un homme est obsédé par une émission de télé pour enfants des années 80, et commence à soupçonner qu'elle aurait joué un rôle dans les événements meurtriers et cauchemardesques de son enfance.";"http://static.media.dpstream.net/s/6950/569809.jpg-r_640_600-b_1_d6d6d6-f_jpg-q_x-xxyxx-1476273627.jpg";"Série Channel Zero streaming,Channel Zero dpstream, Série Channel Zero HD, Channel Zero streaming VF"
"44";"American Housewife";"ND";"En cours";"22 min";"Sarah Dunn";"Katy Mixon, Johnny Sequoyah, Diedrich Bader";"23,96";"États-Unis";"1";"13";"Une femme essaie, tant bien que mal, d'élever une famille dysfonctionnelle dans un quartier où résident des épouses aussi parfaites que leurs progénitures respectives.";"http://static.media.dpstream.net/s/6949/297679.jpg-r_640_600-b_1_d6d6d6-f_jpg-q_x-xxyxx-1476273406.jpg";"Série American Housewife streaming,American Housewife dpstream, Série American Housewife HD, American Housewife streaming VF"
"45";"Motherland";"ND";"En cours";"30 min";"Graham Linehan";"Sharon Horgan, Graham Linehan, Helen Linehan, Holly Walsh";"23,26";"Royaume-Uni";"1";"1";"Motherland suit la vie d'une mère de famille de classe moyenne dans son quotidien.";"http://static.media.dpstream.net/s/6948/motherland-tvshow-season-1-episode-1-online-free-putlocker-1476204301.jpg";"Série Motherland streaming,Motherland dpstream, Série Motherland HD, Motherland streaming VF"
"46";"Freakish";"ND";"En cours";"42 min";"Beth Szymkowski";"Hayes Grier, Leo Howard, Liza Koshy";"95";"États-Unis";"1";"9";"Un groupe de lycéens dans une petite ville des États-Unis doivent se défendre contre des prédateurs mutants qui sont apparus suite à une catastrophe nucléaire.";"http://static.media.dpstream.net/s/6947/489122.jpg-r_640_600-b_1_d6d6d6-f_jpg-q_x-xxyxx-1476174712.jpg";"Série Freakish streaming,Freakish dpstream, Série Freakish HD, Freakish streaming VF"
"47";"Insecure";"ND";"En cours";"30 min";"Larry Wilmore,  Issa Rae";"Lisa Joyce, Issa Rae, Jay Ellis, Yvonne Orji";"23";"États-Unis";"1";"8";"Les expériences quotidiennes savoureuses et parfois surréalistes d’une Afro-Américaine à l’aube de la trentaine et de sa meilleure amie délurée…";"http://static.media.dpstream.net/s/6946/insecure-1476133391.jpg";"Série Insecure streaming,Insecure dpstream, Série Insecure HD, Insecure streaming VF"
"48";"Divorce";"ND";"En cours";"42 min";"Sharon Horgan";"Molly Shannon, Talia Balsam, Sarah Jessica Parker, Thomas Haden Church";"23,26,34";"États-Unis";"1";"10";"Frances, une mère de famille new-yorkaise dans la force de l'âge, décide de 'recommencer' sa vie avec l'aide de ses amies Dallas et Diane, et songe même au divorce. Mais son mari ne l'entend pas de cette façon.";"http://static.media.dpstream.net/s/6945/divorce-1475988737.jpg";"Série Divorce streaming,Divorce dpstream, Série Divorce HD, Divorce streaming VF"
"49";"The Level";"ND";"En cours";"60 min";"Mark Everest,  Andy Goddard";"Philip Glenister, Karla Crome, Laura Haddock";"26,33,39";"Royaume-Uni";"1";"6";"Depuis des années, une agent de police prénommée Nancy mène un double jeu, mêlant avec difficulté sa carrière dans les forces de l'ordre et sa relation complexe avec Frank Le Saux, un businessman baignant dans le trafic de drogues. Lorsque ce dernier est retrouvé mort, la jeune femme est alors au centre d'une investigation qui va la mettre plus que jamais en danger.";"http://static.media.dpstream.net/s/6944/079525.jpg-r_640_600-b_1_d6d6d6-f_jpg-q_x-xxyxx-1476095085.jpg";"Série The Level streaming,The Level dpstream, Série The Level HD, The Level streaming VF"
