"ROW_ID";"TITLE";"ALT TITLE";"RLS DATE";"DURATION (MIN)";"CATEGORIES";"NB_EPISODES";"DESCRIPTION";"IMAGE";"KEYWORDS"
"1";"Haikyuu !!";"ND";"En cours";"25";"67,85";"25";"Titre alternatif : Haikyuu !! / Haikyû !!

Shôyô Hinata, surnommé Shô, aime plus que tout jouer au volley-ball et ce, malgré sa petite taille. Malheureusement, suite à une sévère défaite, son club de collège a été dissous, tous les membres étant partis.
Mais Shô est bien décidé à jouer de nouveau et choisit son futur lycée en fonction de son ambition. Il intègre donc le lycée Karasuno, où a joué son idole, le Petit Géant, tout en espérant faire aussi bien que lui.";"http://static.media.dpstream.net/a/4480/haikyu_2935-1478697059.jpg";"Manga Haikyuu !! streaming, Manga Haikyuu !! dpstream, Manga Haikyuu !! HD, Haikyuu !! streaming VF"
"2";"Aggressive Retsuko";"ND";"En cours";"1 min";"67,83";"ND";"Courts épisodes sur la mascotte de Sanrio: Retsuko

Retsuko, une femelle panda roux de 25 ans, travaille dans la compagnie de ses rêves, dans le département de comptabilité. Mais son supérieur et ses collègues la surchargent de travail. Pour déstresser, elle se rends au karaoke pour chanter du death metal.";"http://static.media.dpstream.net/a/4479/index-1478696661.jpg";"Manga Aggressive Retsuko streaming, Manga Aggressive Retsuko dpstream, Manga Aggressive Retsuko HD, Aggressive Retsuko streaming VF"
"3";"Aria the Origination";"ND";"En cours";"13";"71,143,146";"13";"Année 2301.
L'homme a terra formé Mars en une planète vivable, recouverte principalement d'eau et baptisée 'Aqua'. Sur Aqua, a été construit Neo-Venezia, une réplique exacte de l'ancienne Venise, de beaux canaux, des palais, des places, etc... Akari Mizunashi, une jeune fille de 15 ans, venant de Man-Home (anciennement connu sous le nom de Terre), arrive à Neo-Venezia pour devenir une ondines (filles faisant visiter la ville ou servant de taxi sur des gondoles) chez ARIA Company. La société est dirigée par Aria Pokoteng, un chat martien et Alicia Florence, l'une des trois meilleures gondolieres, également connu sous le nom des <<trois Fées de l'eau>> (et aussi la seule ondine de Aria Company). Malgré la dure formation, Akari aspire à devenir elle aussi une de ses Fées de l'eau. Beaucoup de rencontres et d'aventures attendent Akari dans son ascension pour devenir Prima.
Le thème de la troisième saison est, comme son nom l'indique, le début de la série.";"http://static.media.dpstream.net/a/4478/aria_the_origination_625-1478696528.jpg";"Manga Aria the Origination streaming, Manga Aria the Origination dpstream, Manga Aria the Origination HD, Aria the Origination streaming VF"
"4";"Idol Memories";"ND";"En cours";"14 min";"67,71,83";"ND";"Dans un futur proche où les représentations d'idols en réalité virtuelle sont devenue banales, deux groupes d'idols rivaux rivalisent pour le tant désiré 'tiara', qui représente les numéros 1 de l''Idol League'.";"http://static.media.dpstream.net/a/4477/idol_memories_5668-1478460116.jpg";"Manga Idol Memories streaming, Manga Idol Memories dpstream, Manga Idol Memories HD, Idol Memories streaming VF"
"5";"Honobono Log";"Fukamachi Naka Gashū Honobono Log ~Taisetsu na Kimi e~";"En cours";"10";"67,141,146";"10";"Titre alternatif : Heartwarming Log ~To Precious You / Fukamachi Naka Gashuu Honobono Log ~Taisetsu na Kimi e~/Naka Fukamachi Art Collection: Heartwarming Log ~To Precious You

Adaptation d'un livre d'image de Naka Fukamachi sortit en 2014 au Japon. A savoir qu'un deuxième nommé Honobono Log II ~Taisetsu na Kimi to~ est prévu mi-juillet.

Ce livre narre le quotidien de plusieurs familles.";"http://static.media.dpstream.net/a/4476/index-1478459555.jpg";"Manga Honobono Log streaming, Manga Honobono Log dpstream, Manga Honobono Log HD, Honobono Log streaming VF"
"6";"Classicaloid";"ND";"En cours";"24 min";"67,83,121,143,146";"ND";"Kanae et Sousuke sont deux lycéens vivant dans une petite ville qui essaye, tant bien que mal, de sortir du lot. Pour cela, des Classicaloids, des robots humanoïdes qui savent jouer de la musique, à l’effigies de Mozart et Beethoven font leur apparition. Mais contre toute attente, leur 'musik' fait apparaître d'autres robots géants, créant ainsi une grosse pagaille dans la ville ! Mais le problème est loin d'être réglé puisque d'autres Classicaloids feront leur apparition...";"http://static.media.dpstream.net/a/4475/classicaloid_4535-1477758040.jpg";"Manga Classicaloid streaming, Manga Classicaloid dpstream, Manga Classicaloid HD, Classicaloid streaming VF"
"7";"RWBY S4";"RWBY Volume 4";"En cours";"20 min";"11,64,67,70,123,143";"ND";"Saison 4 de RWBY";"http://static.media.dpstream.net/a/4473/images-1477757741.jpg";"Manga RWBY S4 streaming, Manga RWBY S4 dpstream, Manga RWBY S4 HD, RWBY S4 streaming VF"
"8";"RWBY S3";"RWBY Volume 3";"En cours";"12";"11,64,67,70,123,143";"12";"Saison 3 de RWBY";"http://static.media.dpstream.net/a/4472/s3-1477757522.jpg";"Manga RWBY S3 streaming, Manga RWBY S3 dpstream, Manga RWBY S3 HD, RWBY S3 streaming VF"
"9";"RWBY S2";"RWBY Volume 2";"En cours";"12";"11,64,67,70,123,143";"12";"Saison 2 de RWBY";"http://static.media.dpstream.net/a/4471/index-1477757286.jpg";"Manga RWBY S2 streaming, Manga RWBY S2 dpstream, Manga RWBY S2 HD, RWBY S2 streaming VF"
"10";"RWBY S1";"RWBY Volume 1";"En cours";"16";"11,64,67,70,123,143";"16";"L’histoire met en scène un groupe de quatre jeunes filles au sein d’une académie très spéciale. En effet, Ruby Rose, Weiss Schnee, Blake Belladonna et Yang Xiao Long apprennent à chasser des monstres surnommés les créatures de Grimm. Depuis la chute de Beacon, le monde de Remnant n'est pas pour autant apaisé. Des vies ont été perdues, la tension est encore palpable et même les membres de l'équipe RWBY sont divisées quant à l'attitude à adopter. Chacune de nos héroïnes part en voyage. Certaines cherchent à retrouver la paix intérieure, quand d'autres ont besoin de trouver des réponses au cours de leurs aventures. Avec d'autres membres de l'équipe JNPR, Ruby Rose a pris le chemin du royaume de Mistral. Ce périple sera semé d'embûches et de rencontres, amies ou ennemies, tandis qu'approche une menace encore plus grande…";"http://static.media.dpstream.net/a/4470/images-1477757034.jpg";"Manga RWBY S1 streaming, Manga RWBY S1 dpstream, Manga RWBY S1 HD, RWBY S1 streaming VF"
"11";"Drifters (OAV)";"ND";"En cours";"1";"11,64,67,123";"ND";"Il s'agit d'une version éditée non finalisé des deux premiers épisodes de la série TV.";"http://static.media.dpstream.net/a/4469/drifters_oav_5448-1477670163.jpg";"Manga Drifters (OAV) streaming, Manga Drifters (OAV) dpstream, Manga Drifters (OAV) HD, Drifters (OAV) streaming VF"
"12";"Evangelion: 3.0 You Can (Not) Redo";"ND";"En cours";"1";"69,131,143";"1";"14 ans se sont écoulés depuis la fin du second film, Asuka est chargée, en compagnie de Mari, de récupérer le Tesseract dans lequel est scellé l'Eva 01, lorsqu'elle est interceptée par le système d'autodéfense chargé d'empêcher quiconque de récupérer l'Eva 01, et sera sauvée par celle-ci. De retour de l'intérieur de l'Eva, Shinji se rend compte que beaucoup de choses ont changé, il est désormais considéré comme un criminel, retenu prisonnier par ses anciens amis de la Nerv qui forment désormais l'organisation Wille dont le but officieux est de détruire la Nerv et d'empêcher de nouveaux impacts. Ne retrouvant pas Ayanami, Shinji apprend qu'elle a disparu avant d'être secouru par une nouvelle Ayanami et l'Evangelion Mark-09. De retour au QG de la Nerv, il est accueilli par son père qui lui ordonne de piloter l'Eva 13 en compagnie d'un copilote : Kaworu Nagisa. Au cours de son errance, Shinji apprendra le résultat de ses actions, la vérité sur sa mère et sur Ayanami. C'est le moment que choisira Kaworu pour lui présenter son plan pour annuler le troisième impact, mais qui finalement mènera à la catastrophe du quatrième impact.";"http://static.media.dpstream.net/a/4468/index-1477669458.jpg";"Manga Evangelion: 3.0 You Can (Not) Redo streaming, Manga Evangelion: 3.0 You Can (Not) Redo dpstream, Manga Evangelion: 3.0 You Can (Not) Redo HD, Evangelion: 3.0 You Can (Not) Redo streaming VF"
"13";"Kubikiri Cycle : Aoiro Savant to Zaregoto Tsukai";"ND";"En cours";"8";"71,123,124,141";"ND";"Titre alternatif : Zaregoto Series

L'histoire se déroule sur l'île de Wet Crow’s Feather, où vit Iria Akagami, héritière d'une puissante famille. La jeune fille a été exilée sur l'île par le dirigeant de la Fondation Akagami, et y vit en compagnie de ses domestiques et de personnalités prestigieuses qui ont répondu à ses invitations. C'est ainsi que Ii et Tomo Kunagisa se sont retrouvés sur l'île.

Mais alors que chacun profite de la vie, un terrible meurtre est commis.";"http://static.media.dpstream.net/a/4467/kubikiri_cycle_aoiro_savant_to_zaregoto_tsukai_5528-1477646050.jpg";"Manga Kubikiri Cycle : Aoiro Savant to Zaregoto Tsukai streaming, Manga Kubikiri Cycle : Aoiro Savant to Zaregoto Tsukai dpstream, Manga Kubikiri Cycle : Aoiro Savant to Zaregoto Tsukai HD, Kubikiri Cycle : Aoiro Savant to Zaregoto Tsukai streaming VF"
"14";"Tokyo Ghoul √A";"ND";"En cours";"12";"71,81,84,123,125";"12";"Titre alternatif : Tokyo Ghoul 2nd Season / Tokyo Ghoul Root A / Tokyo Kushu 2nd Season

Saison 2 de l'anime Tokyo Ghoul.

Kaneki Ken accepte enfin son côté goule et décide d'affronter Yamori alias Jason.
Tandis que les membres de l'Antique se mêlent parmi Aogiri afin de délivrer le jeune homme, Tôka croise à nouveau le chemin de son petit frère, Ayato et décide de le combattre. Gêné par les inspecteurs du CCG, Yoshimura décide de les retarder en participant au combat.
La vérité sur la mystérieuse goule nommée 'la Chouette' va être dévoilée !";"http://static.media.dpstream.net/a/4465/tokyo_ghoul_a_3855-1477305017.jpg";"Manga Tokyo Ghoul √A streaming, Manga Tokyo Ghoul √A dpstream, Manga Tokyo Ghoul √A HD, Tokyo Ghoul √A streaming VF"
"15";"Tokyo Ghoul";"ND";"En cours";"12";"71,81,84,123,125";"12";"Titre alternatif : Tokyo Kushu

L'histoire se déroule dans un Tokyo moderne mais hanté par de mystérieuses 'goules' dévorant les humains. La peur et le chaos règnent sur la ville mais certaines personnes tentent malgré tout d'avoir une vie 'normale'.
C'est notamment le cas de Ken Kaneki, un étudiant de 18 ans. Mais, un jour, il est attaqué par une goule et manque d'y laisser sa peau. Sauvé de justesse, il survit grâce aux organes de la goule, greffés à la place de ceux qu'elle avait détruit en l'attaquant. Le jeune homme est désormais un hybride et va vivre un véritable enfer .";"http://static.media.dpstream.net/a/4464/tokyo_ghoul_3182-1477304909.jpg";"Manga Tokyo Ghoul streaming, Manga Tokyo Ghoul dpstream, Manga Tokyo Ghoul HD, Tokyo Ghoul streaming VF"
"16";"Luger Code 1951";"ND";"En cours";"1";"11,64,141,143";"ND";"Adapté de l'histoire nommée Luger Code 1951 de Ryōto Hagi. Cette histoire a gagné le concours Shonen Jump+ x Animax Anime Scenario Award. Une version diffusée sur internet sort le 14 octobre.

L'histoire suit un jeune professeur capable de déchiffrer et de comprendre n'importe quelle langue.

Un jour, on lui demande de déchiffrer le code utilisé pour la communication sans fil nommée : Luger Code (le Code de Luger). Ce code a été développé par une espèce ennemie de l'humanité qu'on nomme lycanthrope, plus connu sous le nom de loup-garou.

Mais, vu qu'il ne comprend pas le code, ce professeur entreprend un voyage pour capturer un loup-garou vivant. Ainsi, il le forcera à l'aider à déchiffrer ce code.";"http://static.media.dpstream.net/a/4463/81651-1477251632.jpg";"Manga Luger Code 1951 streaming, Manga Luger Code 1951 dpstream, Manga Luger Code 1951 HD, Luger Code 1951 streaming VF"
"17";"Owari no Seraph";"ND";"En cours";"12";"11,70,71,123,125,131";"12";"Titre alternatif : Seraph of the End : Vampire Reign

Owari no Seraph est adapté du manga du même nom.

Un jour, un mystérieux virus décime chaque humain de plus de 13 ans. Au même moment, les vampires ont émergés et asservis les enfants, seuls survivants de l’épidémie.
L’histoire nous entraîne au côté de Yûichirô Hyakuya, un esclave chargé de donner son sang à des aristocrates.
Ayant perdu son frère lors de son évasion, Yûichirô se promet de tuer tous les vampires, et pour cela, il rejoint la résistance pour délivrer les esclaves.";"http://static.media.dpstream.net/a/4462/owari_no_seraph_3688-1477226060.jpg";"Manga Owari no Seraph streaming, Manga Owari no Seraph dpstream, Manga Owari no Seraph HD, Owari no Seraph streaming VF"
"18";"Show By Rock Short";"ND";"En cours";"12";"83";"12";"Titre alternatif : SB69A Short

Courts épisodes qui présenteront chaque semaine un groupe de musique différent ainsi que ses membres.";"http://static.media.dpstream.net/a/4461/show_by_rock_short_5235-1477225631.jpg";"Manga Show By Rock Short streaming, Manga Show By Rock Short dpstream, Manga Show By Rock Short HD, Show By Rock Short streaming VF"
"19";"Show By Rock!! 2";"ND";"En cours";"24 min";"83";"ND";"Il s'agit de la seconde saison de Show by Rock!!

Saison 1 : http://www.dpstream.net/anime-4186-show-by-rock.html";"http://static.media.dpstream.net/a/4460/show_by_rock_5230-1477225521.jpg";"Manga Show By Rock!! 2 streaming, Manga Show By Rock!! 2 dpstream, Manga Show By Rock!! 2 HD, Show By Rock!! 2 streaming VF"
"20";"Time Travel Shoujo : Mari Waka to 8-nin no Kagakusha-tachi";"Time Travel Shōjo ~Mari Waka to 8-nin no Kagakusha-tachi";"En cours";"12";"64,67,143";"12";"Titre alternatif : Time Travel Girl: Mari, Waka, and the 8 Scientists / MariWaka / Time Travel Girl TV

L'histoire nous entraine aux côtés de Mari Hayase, Waka Mizuki et de leurs amis. Il narre leur rencontre avec 8 célèbres scientifiques du passé.";"http://static.media.dpstream.net/a/4459/time_travel_shoujo_mari_waka_to_8-nin_no_kagakusha-tachi_5568-1477224774.jpg";"Manga Time Travel Shoujo : Mari Waka to 8-nin no Kagakusha-tachi streaming, Manga Time Travel Shoujo : Mari Waka to 8-nin no Kagakusha-tachi dpstream, Manga Time Travel Shoujo : Mari Waka to 8-nin no Kagakusha-tachi HD, Time Travel Shoujo : Mari Waka to 8-nin no Kagakusha-tachi streaming VF"
"21";"Anitore! EX";"ND";"En cours";"12";"67,146";"12";"Titre alternatif : Anime de Training! EX / Training Through Anime! EX/Ani Tore! EX

Il s'agit d'un projet original créé par le studio Rising Force.

Nous suivons l'histoire de cinq filles qui désirent devenir des idols, cependant rien n'arrive sans travail dans ce monde, et le travail d'idol passe par un entrainement des plus compliqués, comme la danse, le yoga, le Tai Chi.

Saison 2 : http://www.dpstream.net/anime-4418-anitore-xx.html";"http://static.media.dpstream.net/a/4458/index-1477224603.jpg";"Manga Anitore! EX streaming, Manga Anitore! EX dpstream, Manga Anitore! EX HD, Anitore! EX streaming VF"
"22";"Zutto Mae Kara Suki Deshita. (Film)";"Zutto Mae Kara Suki Deshita. ~Kokuhaku Jikkō Iinkai~";"En cours";"1";"67,71,121,141,146";"1";"Titre alternatif : I want to let you know that I love you. / Confession Executive Committee ~Love Series~ / Kokuhaku Jikkou Iinkai : Renai Series/I've Always Liked You

Il s'agit de l'adaptation du projet Vocaloid crée par HoneyWorks. Composé et crée par HoneyWorks en 2012, il s'agit d'une musique qui mélange parties musicales, illustrations, paroles et de quelques moments animés.

Dans cette histoire nous suivons un groupe de lycéens dans le quotidien. Autant dans leurs peines que dans leurs meilleurs moments.";"http://static.media.dpstream.net/a/4457/kokuhaku_jikkou_iinkai_renai_series_4567-1477147096.jpg";"Manga Zutto Mae Kara Suki Deshita. (Film) streaming, Manga Zutto Mae Kara Suki Deshita. (Film) dpstream, Manga Zutto Mae Kara Suki Deshita. (Film) HD, Zutto Mae Kara Suki Deshita. (Film) streaming VF"
"23";"Stella no Mahou";"Stella no Mahō";"En cours";"23 min";"67,121,146";"ND";"Titre alternatif : Magic of Stella

On suit Tamaki Honda, une jeune lycéenne de première année qui décide de s'inscrire dans un club extra-scolaire un peu particulier : le club de 'doujin games'. Comme son nom l'indique, les membres du club créent leurs propres jeux vidéo !";"http://static.media.dpstream.net/a/4456/stella_no_mahou_5199-1477058182.jpg";"Manga Stella no Mahou streaming, Manga Stella no Mahou dpstream, Manga Stella no Mahou HD, Stella no Mahou streaming VF"
"24";"Cupid's Chocolate";"Ai Shen Qiao Ke Li Jin Xing Shi";"En cours";"15";"11,67,72,141";"15";"Titre alternatif : Aishen Qiaokeli-ing...

Jiang Hao Yi, étudiant de 19 ans, fait régulièrement le même cauchemar dans lequel il se voit mourir en sautant du toit de son école. Mais ce cauchemar n'est rien face à ce qui l'attend dans la réalité.

Un jour, Xia Zi Tong, une des élèves les plus populaire de l'école, vient lui annoncer qu'elle est enceinte de lui !
Hao Yi a beau nier, personne ne le croit, et il s'attire rapidement les foudres de tous ses camarades, qui propagent l'information. Poursuivit par garçons et filles, car d'autres jeunes femmes prétendent qu'il les a trompé, il se réfugie sur le toit.";"http://static.media.dpstream.net/a/4455/cupid_s_chocolate_5173-1477058046.jpg";"Manga Cupid's Chocolate streaming, Manga Cupid's Chocolate dpstream, Manga Cupid's Chocolate HD, Cupid's Chocolate streaming VF"
"25";"Shelter";"ND";"En cours";"1";"71,143,146";"ND";"Titre alternatif : Shelter the Animation

Il s'agit d'une animation basée sur la chanson 'Shelter' de Robinson et Madeon.

L'histoire se centre sur une jeune fille isolée dans un monde numérique. Elle n'a aucun contact avec le monde extérieur et ne dispose que d'une tablette numérique pour s'occuper. Elle va alors passer ses journées à imaginer le monde.";"http://static.media.dpstream.net/a/4454/shelter_the_animation_6164-1477057854.jpg";"Manga Shelter streaming, Manga Shelter dpstream, Manga Shelter HD, Shelter streaming VF"
"26";"Onara Gorou";"ND";"En cours";"3 min";"67";"ND";"Onara Gorou suit les aventures d'un personnage hors du commun : un pet, mais pas n'importe lequel ! Il s'agit là du « plus adorable des pets » qui arrive à résoudre les soucis de la vie de tous les jours comme seul un pet peut le faire.";"http://static.media.dpstream.net/a/4453/onara_gorou_5629-1476878557.jpg";"Manga Onara Gorou streaming, Manga Onara Gorou dpstream, Manga Onara Gorou HD, Onara Gorou streaming VF"
"27";"Tiger Mask W";"ND";"En cours";"39";"11,66,85";"39";"Titre alternatif : Tiger Mask Double 

Il s'agit d'un projet réalisé à l'occasion des 60 ans du studio Toei Animation.

Naoto Azuma et Takuma Fujii sont deux jeunes lutteurs professionnels de 21 ans. Tous deux sont membres d'une petite équipe nommée Jipang Pro Wrestling jusqu'à ce qu'ils soient écrasés par une équipe ayant de mauvaises intentions, la Global Wrestling Monopoly. Pour se venger, les deux hommes empreintent deux chemins différents...

Azuma décide de se former au pied du Mont Fuji afin de devenir le nouveau Tiger Mask tandis que Takuma entre dans The Tiger's Hole, l'organisation qui est à l'origine du Global Wrestling Monopoly. Afin de la détruire de l'intérieur, il devient Tiger the Dark.";"http://static.media.dpstream.net/a/4452/affiche_urrmbluvtlv0fop-1476635708.jpg";"Manga Tiger Mask W streaming, Manga Tiger Mask W dpstream, Manga Tiger Mask W HD, Tiger Mask W streaming VF"
"28";"Gi(a)rlish Number";"ND";"En cours";"12";"67,121,146";"12";"Titre alternatif : Girlish Number

Girlish Number est un projet crossmédia (anime, manga, light novel), de Wataru Watari & QP:flapper, se centrant sur la profession de seiyuu. Les trois projets sont prévus pour l'année 2016.

L'histoire suit Chitose Karasuma, une élève d'université qui a pour but de devenir une seiyuu.";"http://static.media.dpstream.net/a/4451/gi_a_rlish_number_5228-1476533721.jpg";"Manga Gi(a)rlish Number streaming, Manga Gi(a)rlish Number dpstream, Manga Gi(a)rlish Number HD, Gi(a)rlish Number streaming VF"
"29";"Fune wo Amu";"Fune o Amu";"En cours";"23 min";"67,71,141";"ND";"Titre alternatif : Le Grand Passage / The Great Passage / To Compile A Ship

Mitsuya Majime et Masashi Nishioka sont deux hommes que tout oppose : l'un est maladroit et peu social, tandis que l'autre est plus extraverti. Ils ont toutefois un point en commun : leur travail dans le milieu de l'édition.

Un jour, ils sont tous les deux sollicités pour publier un tout nouveau dictionnaire. Un ouvrage censé marquer le millénaire sous le nom du 'Grand Passage'.";"http://static.media.dpstream.net/a/4450/fune_wo_amu_5349-1476533463.jpg";"Manga Fune wo Amu streaming, Manga Fune wo Amu dpstream, Manga Fune wo Amu HD, Fune wo Amu streaming VF"
"30";"Nazotokine";"ND";"En cours";"7 min";"124,147";"ND";"L'histoire nous entraine aux côtés de Amino Tokine et de Hacchin lors de résolution d'énigmes.";"http://static.media.dpstream.net/a/4449/nazotokine_5749-1476533237.jpg";"Manga Nazotokine streaming, Manga Nazotokine dpstream, Manga Nazotokine HD, Nazotokine streaming VF"
"31";"Getsuyoubi no Tawawa";"ND";"En cours";"12";"141,146";"12";"Titre alternatif : Tawawa on Monday / Monday Morning Offerings

Basé sur une série d'image de Himura Kiseki postée sur Twitter.

L'histoire se centre sur un salarié qui a eu la chance de rencontrer une femme nommée Ai dans le train. Ils vont commencer à se voir chaque lundi dans le train. Ce jeune salarié va servir de garde du corps et de compagnon de bavardage à la jeune Ai.";"http://static.media.dpstream.net/a/4447/index-1476289677.jpg";"Manga Getsuyoubi no Tawawa streaming, Manga Getsuyoubi no Tawawa dpstream, Manga Getsuyoubi no Tawawa HD, Getsuyoubi no Tawawa streaming VF"
"32";"Bubuki Buranki - Hoshi no Kyojin";"ND";"En cours";"12";"11,64,66,71,124,143";"12";"Titre alternatif : BBK/BRNK - Hoshi no Kyojin / BBK/BRNK 2nd season / BBK/BRNK - Giants of the Star

Grâce aux conseils d'Epizo, Azuma, Kogane, Hiiragi, Kinoa et Shizuru ont finalement atteint l'île des Buranki. Mais les choses tournent mal assez rapidement car les russes, entre autres, les ont suivis et entreprennent de faire chuter l'île sur Terre. Une catastrophe que Kaoruko semble avoir orchestrée dans l'ombre.

Saison 1 : http://www.dpstream.net/anime-4300-bubuki-buranki.html";"http://static.media.dpstream.net/a/4446/bubuki_buranki_-_hoshi_no_kyojin_5195-1476275728.jpg";"Manga Bubuki Buranki - Hoshi no Kyojin streaming, Manga Bubuki Buranki - Hoshi no Kyojin dpstream, Manga Bubuki Buranki - Hoshi no Kyojin HD, Bubuki Buranki - Hoshi no Kyojin streaming VF"
"33";"Soul Buster";"ND";"En cours";"12";"11,64,123";"12";"Basé sur le manhua Soul Buster.

L'histoire nous entraîne dans le quotidien d'un jeune homme qui va découvrir un jeu de carte étrange. En effet, les différents duels de 'carte' ressemblent à des vrais batailles.

Ces cartes permettent d'invoquer des héros provenant de l'époque chinoise des Trois Royaumes (220-280). Ce jeu aux allures inoffensives met la vie des joueurs en grand danger.";"http://static.media.dpstream.net/a/4445/2d1559bc96e45c0205462bdc86539e951475834693_full-1476084521.jpg";"Manga Soul Buster streaming, Manga Soul Buster dpstream, Manga Soul Buster HD, Soul Buster streaming VF"
"34";"Steins;Gate Fuka Ryouiki no Déjà-vu (Film)";"Gekijôban Steins;Gate Fuka Ryōiki no Déjà vu";"En cours";"1";"11,71,84,141,143";"1";"Titre alternatif : Steins Gate Movie / Steins;Gate Fuka Ryōiki no Déjà-vu

Après un an passé en Amérique, Kurisu est de retour à Akihabara. Elle et Okabe se retrouvent enfin.
Malheureusement, peu après leurs retrouvailles, Okabe commence à voir des images des autres lignes d'univers et finit par disparaître. Tiraillée entre son âme de scientifique et ses sentiments, Kurisu doit faire le choix entre ne pas remonter dans le temps comme celui-ci le lui a demandé, ou tenter de le sauver malgré les conséquences que cela pourra entraîner sur le monde.";"http://static.media.dpstream.net/a/4444/steins_gate_fuka_ry_iki_no_deja-vu_2463-1476035372.jpg";"Manga Steins;Gate Fuka Ryouiki no Déjà-vu (Film) streaming, Manga Steins;Gate Fuka Ryouiki no Déjà-vu (Film) dpstream, Manga Steins;Gate Fuka Ryouiki no Déjà-vu (Film) HD, Steins;Gate Fuka Ryouiki no Déjà-vu (Film) streaming VF"
"35";"Udon no Kuni no Kiniro Kemari";"ND";"En cours";"12";"67,123,146";"12";"Adapté du manga Udon no Kuni no Kiniro Kemari de Shinomaru Nodoka.

Un jour, Souta Tawara, web designer vivant dans la grande ville de Tokyo, se rend dans le restaurant d'Udon de ses parents. Il y rencontre un étrange petit garçon se nommant Poko et se trouvant être une créature venant du royaume de l'Udon.

Ce petit être énergétique va apporter un peu de bonheur dans la vie monotone de Souta";"http://static.media.dpstream.net/a/4443/udon_no_kuni_no_kiniro_kemari_5256-1476026020.jpg";"Manga Udon no Kuni no Kiniro Kemari streaming, Manga Udon no Kuni no Kiniro Kemari dpstream, Manga Udon no Kuni no Kiniro Kemari HD, Udon no Kuni no Kiniro Kemari streaming VF"
"36";"Long Riders!";"ND";"En cours";"24 min";"67,85,146";"ND";"Ami Kurata, étudiante tout à fait normale, décide de s'acheter un vélo pliant après avoir aperçu quelqu'un en faire. Elle forme un groupe d'initiés nommé Fortuna avec d'autres filles de sa fac. Leur but est simple : participer à des évènements sportifs !";"http://static.media.dpstream.net/a/4442/longriders_5030-1476017469.jpg";"Manga Long Riders! streaming, Manga Long Riders! dpstream, Manga Long Riders! HD, Long Riders! streaming VF"
"37";"Uta no☆Prince-sama♪ Maji LOVE Legend Star";"ND";"En cours";"13";"67,83,141";"13";"Titre alternatif : Uta No Prince Sama : Maji LOVE Legend Star

Quatrième saison et suite directe de Uta no ☆ Prince-sama ♪ Maji Love Revolutions

Nanami Haruka est une jeune fille timide qui a pour rêve de devenir un auteur-compositeur de talent. Elle est acceptée dans l'école Saotome Gakuen, une école d'élite spécialisée dans le chant afin de propulser au sommet des futurs idoles. Les cours sont enseignés par des idoles célèbres, les locaux scolaires comprennent des studios d'enregistrement et des théâtres.
L'école associe, au hasard, des paires comprenant un auteur et un interprète. Mais le destin a voulu que Haruka soit associée à 3 garçons très différents; Ittoki Otoya est optimiste et dynamique, Shinomiya Natsuki est brillant et intelligent, Hijirikawa Masato est cool et calme. Haruka est déterminée à en faire des idoles et à surmonter sa personnalité timide si elle veut atteindre son rêve.";"http://static.media.dpstream.net/a/4441/uta_no_prince-sama_maji_love_legend_star_5393-1476013557.jpg";"Manga Uta no☆Prince-sama♪ Maji LOVE Legend Star streaming, Manga Uta no☆Prince-sama♪ Maji LOVE Legend Star dpstream, Manga Uta no☆Prince-sama♪ Maji LOVE Legend Star HD, Uta no☆Prince-sama♪ Maji LOVE Legend Star streaming VF"
"38";"Touken Ranbu - Hanamaru";"ND";"En cours";"12";"11,66,143";"12";"En l'an 2205, un groupe cherche à modifier le passé. Afin de protéger l'histoire du monde, des personnes connues sous le nom de Saniwa sont présentes. Ils possèdent le pouvoir de donner vie aux objets. Les plus forts d'entre eux sont appelés Tōken Danshi. Nous suivons la vie quotidienne de certains, notamment celles de Kashū Kiyomitsu et Yamatonokami Yasusada.";"http://static.media.dpstream.net/a/4440/touken_ranbu_-_hanamaru_5369-1475955843.jpg";"Manga Touken Ranbu - Hanamaru streaming, Manga Touken Ranbu - Hanamaru dpstream, Manga Touken Ranbu - Hanamaru HD, Touken Ranbu - Hanamaru streaming VF"
"39";"Sengoku Choujuu Giga ~Kou~";"ND";"En cours";"26";"80";"26";"L’histoire des plus célèbres seigneurs de guerre du Japon de l’ère Sengoku (entre le XVe et le XVIe siècle), racontée à travers des animaux.";"http://static.media.dpstream.net/a/4439/affiche_phxsiyj3ridncis-1475942350.jpg";"Manga Sengoku Choujuu Giga ~Kou~ streaming, Manga Sengoku Choujuu Giga ~Kou~ dpstream, Manga Sengoku Choujuu Giga ~Kou~ HD, Sengoku Choujuu Giga ~Kou~ streaming VF"
"40";"Ajin 2nd Season";"ND";"En cours";"23 min";"11,71,81,124,125";"ND";"Titre alternatif : Ajin : Demi-Human 2nd Season 

Suite à l'attaque de l'Ajin Sâto et de ses compères sur le siège de la société pharmaceutique Grant, les Ajins vivant sur le sol nippon sont désormais considérés comme une menace de première ordre par le gouvernement nippon. Kei, qui vivait paisiblement dans les montagnes, fut repéré et dénoncé par un villageois. Notre héros décide donc de prendre ses jambes à son cou, mais Tosaki Yû ainsi que la brigade Anti-Ajin sont déjà à sa recherche. Notre héros n'a donc d'autres choix que de s'allier à Kô afin d'échapper aux forces de l'ordre nippone. Fuir ou affronter Sâto ? Kei et Kô semblent avoir fait leur choix et il n'est pas question de laisser une minute de répit à l'ennemi ! Les deux jeunes Ajins ont bel et bien l'intention d'orchestrer une vendetta punitive à l'égard de Sâto et de ses sbires. De son côté, Sâto est fermement résolu à éliminer toutes les personnalités impliquées dans le trafic d'Ajin. Les dés sont lancés et le marathon infernal est sur le point de débuter... Qui de Sâto ou de Kei triomphera ?";"http://static.media.dpstream.net/a/4438/ajin_tv_2nd_season_5517-1475930968.jpg";"Manga Ajin 2nd Season  streaming, Manga Ajin 2nd Season  dpstream, Manga Ajin 2nd Season  HD, Ajin 2nd Season  streaming VF"
"41";"Mobile Suit Gundam : Tekketsu no Orphans 2nd season";"ND";"En cours";"25";"11,69,71,143";"25";"Titre alternatif : Mobile Suit Gundam : Iron-Blooded Orphans 2nd season

Il s'agit de la suite direct de la première saison.

Après avoir lutté pendant des mois dans l'espace et sur Terre, les hommes de Tekkadan ont enfin accompli leur mission : Kudelia est arrivée saine et sauve sur la planète bleue et a rencontré Togonosuke Makanai. Mais alors qu'ils retournent vers Mars, ils ne se doutent pas que leur combat a été utilisé par d'autres organisations aux objectifs variés.";"http://static.media.dpstream.net/a/4436/mobile_suit_gundam_tekketsu_no_orphans_2nd_season_5388-1475927204.jpg";"Manga Mobile Suit Gundam : Tekketsu no Orphans 2nd season streaming, Manga Mobile Suit Gundam : Tekketsu no Orphans 2nd season dpstream, Manga Mobile Suit Gundam : Tekketsu no Orphans 2nd season HD, Mobile Suit Gundam : Tekketsu no Orphans 2nd season streaming VF"
"42";"Soushin Shoujo Matoi";"Sōshin Shōjo Matoi";"En cours";"12";"67,82,125,146";"12";"Titre alternatif : Matoi the Sacred Slayer

L'histoire prend place en 2016, et met en scène Matoi Sumeragi, une collégienne âgée de 14 ans. Cette dernière travaille à temps partiel en tant que miko au temple de Tenman Jinjya dans la ville de Kamaya.

Un jour, sa capacité de s'unir avec des dieux pour éloigner les mauvais esprits se réveille. Avec l'aide de sa meilleure amie, Yuma Kusanagi, une fille de kannushi, elle décide de purger sa ville des mauvais esprits afin de retrouver sa vie paisible.";"http://static.media.dpstream.net/a/4435/soushin_shoujo_matoi_5713-1475921385.jpg";"Manga Soushin Shoujo Matoi streaming, Manga Soushin Shoujo Matoi dpstream, Manga Soushin Shoujo Matoi HD, Soushin Shoujo Matoi streaming VF"
"43";"Flip Flappers";"ND";"En cours";"23 min";"64,67,82,123";"ND";"Flip Flappers se centre sur deux adolescentes dont la rencontre va tout bouleverser. En effet, Papika et Cocona vont se retrouver dans une autre dimension se nommant 'Pure Illusion' où elles devront partir à la recherche d'un mystérieux cristal appelé 'Shard of Mimi', permettant à son détenteur de réaliser n'importe quel vœu. Alors qu'elles se retrouvent en grave danger, l'éclat de Mimi brille et permet aux deux filles de se transformer en magical girl.";"http://static.media.dpstream.net/a/4434/flip_flappers_5381-1475877106.jpg";"Manga Flip Flappers streaming, Manga Flip Flappers dpstream, Manga Flip Flappers HD, Flip Flappers streaming VF"
"44";"Trickster";"ND";"En cours";"24";"11,124,143";"24";"Basé sur la série de roman Shounen Tanteidan de Ranpo Edogawa.

L'histoire se déroule dans les années 2030.

Un groupe de jeunes détectives résoud différentes enquêtes plus ou moins importantes. Un jour, Kensuke Hanasaki, l'un des membres, fait la rencontre de Yoshio Kobayashi, un jeune garçon immortel et suicidaire qui refuse le contact avec les autres personne de son entourage. Éprouvant un certain intérêt pour lui, Hanasaki l'invite à rejoindre son groupe de détective.

Ainsi naît la relation entre le criminel surnommé 'le démon aux vingt visages' et Kogorou Akechi, le détective de renommé.";"http://static.media.dpstream.net/a/4433/trickster_edogawa_ranpo_shounen_tanteidan_yori_5584-1475876828.jpg";"Manga Trickster streaming, Manga Trickster dpstream, Manga Trickster HD, Trickster streaming VF"
"45";"Natsume Yuujinchou Go (Natsume yuujin chou S5)";"Natsume Yuujinchou 5th season";"En cours";"24 min";"67,71,78,86";"ND";"Titre alternatif : Natsume's Book of Friends Five / Natsume Yuujinchou Five

Il s'agit de la cinquième saison de l'anime Natsume Yûjinchô.

Takashi Natsume a réussi à accepter son passé ainsi que son lien avec les yôkais, mais les ennuis continuent de le poursuivre et ses amis lui demandent de l'aide les uns après les autres.";"http://static.media.dpstream.net/a/4432/natsume_yuujinchou_go_5360-1475868318.jpg";"Manga Natsume Yuujinchou Go (Natsume yuujin chou S5) streaming, Manga Natsume Yuujinchou Go (Natsume yuujin chou S5) dpstream, Manga Natsume Yuujinchou Go (Natsume yuujin chou S5) HD, Natsume Yuujinchou Go (Natsume yuujin chou S5) streaming VF"
"46";"Lostorage Incited WIXOSS";"ND";"En cours";"24 min";"71,84,124,125";"ND";"Suzuko Homura revient habiter à Ikebukuro, là où elle a grandi. Elle se réjouit de retrouver l'amie qu'elle avait laissée, Chinatsu Morikawa. Mais une fois arrivée dans son lycée, elle a du mal à s'intégrer. Afin de se faire des amies, elle décide d'acheter des cartes du très populaire jeu Wixoss. Elle se retrouve alors en possession d'une carte spéciale qui lui permet de mener une bataille dans une autre dimension inaccessible aux humains. 

Suzuko devra se battre pour prendre le contrôle de cinq pièces renfermant des souvenirs. Elle y retrouvera également son amie Chinatsu. Si elle parvient à réunir les pièces, elle pourra quitter le jeu. Sinon, elle sera punie…";"http://static.media.dpstream.net/a/4431/lostorage_incited_wixoss_5479-1475867242.jpg";"Manga Lostorage Incited WIXOSS streaming, Manga Lostorage Incited WIXOSS dpstream, Manga Lostorage Incited WIXOSS HD, Lostorage Incited WIXOSS streaming VF"
"47";"All Out!!";"ND";"En cours";"25";"67,85,121,146";"25";"Adapté du manga All Out!! de Amase Shiori.

L'histoire suit Kenji Gion, un lycéen de petite taille fraichement accueilli dans un lycée de la préfecture de Kanagawa. Ce dernier va rencontrer un lycéen durant un match de rugby et va petit à petit devenir ami avec lui.

Avec ce lycéen nommé Sumiaki Iwashimizu, ils vont rejoindre le club de rugby du lycée.

Cette série narre leurs exploits en tant que rugbyman.";"http://static.media.dpstream.net/a/4430/all-out-fu-1475866976.jpg";"Manga All Out!! streaming, Manga All Out!! dpstream, Manga All Out!! HD, All Out!! streaming VF"
"48";"Bungou Stray Dogs 2nd Season";"ND";"En cours";"12";"11,124,125";"12";"Il s'agit de la seconde partie de l'anime Bungou Stray Dogs.";"http://static.media.dpstream.net/a/4429/bungou_stray_dogs_2nd_season_5325-1475824515.jpg";"Manga Bungou Stray Dogs 2nd Season streaming, Manga Bungou Stray Dogs 2nd Season dpstream, Manga Bungou Stray Dogs 2nd Season HD, Bungou Stray Dogs 2nd Season streaming VF"
"49";"Bernard Jou Iwaku.";"ND";"En cours";"3 min";"67,121";"ND";"Titre alternatif : Miss Bernard Says.

Sawako Machida se fait appeler « Miss Bernard » et veut passer pour une férue de littérature. En réalité, elle est plutôt paresseuse et ne lit quasiment jamais ! Pourtant, elle passe son temps à la bibliothèque et pense qu'elle peut apprendre ses classiques sans effort, simplement en fréquentant ses camarades de classe…";"http://static.media.dpstream.net/a/4428/affiche_y6kdrpowgw6lc8f-1475774606.jpg";"Manga Bernard Jou Iwaku. streaming, Manga Bernard Jou Iwaku. dpstream, Manga Bernard Jou Iwaku. HD, Bernard Jou Iwaku. streaming VF"
