ROW_ID;ANIME_ID;SERIE_TITLE;SERIE_ROW_ID;NAME
1;4488;Juuza Engi : Engetsu Sangokuden;1;OAV 1
2;4487;Hagane Orchestra;2;Episode 1
3;4487;Hagane Orchestra;2;Episode 2
4;4487;Hagane Orchestra;2;Episode 3
5;4487;Hagane Orchestra;2;Episode 4
6;4487;Hagane Orchestra;2;Episode 5
7;4487;Hagane Orchestra;2;Episode 6
8;4487;Hagane Orchestra;2;Episode 7
9;4486;Sword Art Online II;3;Episode 1
10;4486;Sword Art Online II;3;Episode 2
11;4486;Sword Art Online II;3;Episode 3
12;4486;Sword Art Online II;3;Episode 4
13;4486;Sword Art Online II;3;Episode 5
14;4486;Sword Art Online II;3;Episode 6
15;4486;Sword Art Online II;3;Episode 7
16;4486;Sword Art Online II;3;Episode 8
17;4486;Sword Art Online II;3;Episode 9
18;4486;Sword Art Online II;3;Episode 10
19;4486;Sword Art Online II;3;Episode 11
20;4486;Sword Art Online II;3;Episode 12
21;4486;Sword Art Online II;3;Episode 13
22;4486;Sword Art Online II;3;Episode 14
23;4486;Sword Art Online II;3;Episode 15
24;4486;Sword Art Online II;3;Episode 16
25;4486;Sword Art Online II;3;Episode 17
26;4486;Sword Art Online II;3;Episode 18
27;4486;Sword Art Online II;3;Episode 19
28;4486;Sword Art Online II;3;Episode 20
29;4486;Sword Art Online II;3;Episode 21
30;4486;Sword Art Online II;3;Episode 22
31;4486;Sword Art Online II;3;Episode 23
32;4486;Sword Art Online II;3;Episode 24
33;4486;Sword Art Online II;3;OAV 1
34;4485;Sword Art Online;4;Episode 1
35;4485;Sword Art Online;4;Episode 2
36;4485;Sword Art Online;4;Episode 3
37;4485;Sword Art Online;4;Episode 4
38;4485;Sword Art Online;4;Episode 5
39;4485;Sword Art Online;4;Episode 6
40;4485;Sword Art Online;4;Episode 7
41;4485;Sword Art Online;4;Episode 8
42;4485;Sword Art Online;4;Episode 9
43;4485;Sword Art Online;4;Episode 10
44;4485;Sword Art Online;4;Episode 11
45;4485;Sword Art Online;4;Episode 12
46;4485;Sword Art Online;4;Episode 13
47;4485;Sword Art Online;4;Episode 14
48;4485;Sword Art Online;4;Episode 15
49;4485;Sword Art Online;4;Episode 16
50;4485;Sword Art Online;4;Episode 17
51;4485;Sword Art Online;4;Episode 18
52;4485;Sword Art Online;4;Episode 19
53;4485;Sword Art Online;4;Episode 20
54;4485;Sword Art Online;4;Episode 21
55;4485;Sword Art Online;4;Episode 22
56;4485;Sword Art Online;4;Episode 23
57;4485;Sword Art Online;4;Episode 24
58;4485;Sword Art Online;4;Episode 25
59;4484;Black Butler 2;5;Episode 1
60;4484;Black Butler 2;5;Episode 2
61;4484;Black Butler 2;5;Episode 3
62;4484;Black Butler 2;5;Episode 4
63;4484;Black Butler 2;5;Episode 5
64;4484;Black Butler 2;5;Episode 6
65;4484;Black Butler 2;5;Episode 7
66;4484;Black Butler 2;5;Episode 8
67;4484;Black Butler 2;5;Episode 9
68;4484;Black Butler 2;5;Episode 10
69;4484;Black Butler 2;5;Episode 11
70;4484;Black Butler 2;5;Episode 12
71;4483;Black Butler;6;Episode 1
72;4483;Black Butler;6;Episode 2
73;4483;Black Butler;6;Episode 3
74;4483;Black Butler;6;Episode 4
75;4483;Black Butler;6;Episode 5
76;4483;Black Butler;6;Episode 6
77;4483;Black Butler;6;Episode 7
78;4483;Black Butler;6;Episode 8
79;4483;Black Butler;6;Episode 9
80;4483;Black Butler;6;Episode 10
81;4483;Black Butler;6;Episode 11
82;4483;Black Butler;6;Episode 12
83;4483;Black Butler;6;Episode 13
84;4483;Black Butler;6;Episode 14
85;4483;Black Butler;6;Episode 15
86;4483;Black Butler;6;Episode 16
87;4483;Black Butler;6;Episode 17
88;4483;Black Butler;6;Episode 18
89;4483;Black Butler;6;Episode 19
90;4483;Black Butler;6;Episode 20
91;4483;Black Butler;6;Episode 21
92;4483;Black Butler;6;Episode 22
93;4483;Black Butler;6;Episode 23
94;4483;Black Butler;6;Episode 24
95;4482;Accel World Infinite ∞ Burst. (Film);7;Episode 1
96;4481;Ame-iro Cocoa 3rd Season;8;Episode 1
97;4480;Haikyuu !!;9;Episode 1
98;4480;Haikyuu !!;9;Episode 2
99;4480;Haikyuu !!;9;Episode 3
100;4480;Haikyuu !!;9;Episode 4
101;4480;Haikyuu !!;9;Episode 5
102;4480;Haikyuu !!;9;Episode 6
103;4480;Haikyuu !!;9;Episode 7
104;4480;Haikyuu !!;9;Episode 8
105;4480;Haikyuu !!;9;Episode 9
106;4480;Haikyuu !!;9;Episode 10
107;4480;Haikyuu !!;9;Episode 11
108;4480;Haikyuu !!;9;Episode 12
109;4480;Haikyuu !!;9;Episode 13
110;4480;Haikyuu !!;9;Episode 14
111;4480;Haikyuu !!;9;Episode 15
112;4480;Haikyuu !!;9;Episode 16
113;4480;Haikyuu !!;9;Episode 17
114;4480;Haikyuu !!;9;Episode 18
115;4480;Haikyuu !!;9;Episode 19
116;4480;Haikyuu !!;9;Episode 20
117;4480;Haikyuu !!;9;Episode 21
118;4480;Haikyuu !!;9;Episode 22
119;4480;Haikyuu !!;9;Episode 23
120;4480;Haikyuu !!;9;Episode 24
121;4480;Haikyuu !!;9;Episode 25
122;4480;Haikyuu !!;9;OAV 1
123;4480;Haikyuu !!;9;OAV 2
124;4479;Aggressive Retsuko;10;Episode 1
125;4479;Aggressive Retsuko;10;Episode 2
126;4479;Aggressive Retsuko;10;Episode 3
127;4479;Aggressive Retsuko;10;Episode 4
128;4479;Aggressive Retsuko;10;Episode 5
129;4479;Aggressive Retsuko;10;Episode 6
130;4479;Aggressive Retsuko;10;Episode 7
131;4479;Aggressive Retsuko;10;Episode 8
132;4479;Aggressive Retsuko;10;Episode 9
133;4479;Aggressive Retsuko;10;Episode 10
134;4479;Aggressive Retsuko;10;Episode 11
135;4479;Aggressive Retsuko;10;Episode 12
136;4479;Aggressive Retsuko;10;Episode 13
137;4479;Aggressive Retsuko;10;Episode 14
138;4479;Aggressive Retsuko;10;Episode 15
139;4479;Aggressive Retsuko;10;Episode 16
140;4479;Aggressive Retsuko;10;Episode 17
141;4479;Aggressive Retsuko;10;Episode 18
142;4479;Aggressive Retsuko;10;Episode 19
143;4479;Aggressive Retsuko;10;Episode 20
144;4479;Aggressive Retsuko;10;Episode 21
145;4479;Aggressive Retsuko;10;Episode 22
146;4479;Aggressive Retsuko;10;Episode 23
147;4479;Aggressive Retsuko;10;Episode 24
148;4479;Aggressive Retsuko;10;Episode 25
149;4479;Aggressive Retsuko;10;Episode 26
150;4479;Aggressive Retsuko;10;Episode 27
151;4479;Aggressive Retsuko;10;Episode 28
152;4479;Aggressive Retsuko;10;Episode 29
153;4479;Aggressive Retsuko;10;Episode 30
154;4479;Aggressive Retsuko;10;Episode 31
155;4478;Aria the Origination;11;Episode 1
156;4478;Aria the Origination;11;Episode 2
157;4478;Aria the Origination;11;Episode 3
158;4478;Aria the Origination;11;Episode 4
159;4478;Aria the Origination;11;Episode 5
160;4478;Aria the Origination;11;Episode 6
161;4478;Aria the Origination;11;Episode 7
162;4478;Aria the Origination;11;Episode 8
163;4478;Aria the Origination;11;Episode 9
164;4478;Aria the Origination;11;Episode 10
165;4478;Aria the Origination;11;Episode 11
166;4478;Aria the Origination;11;Episode 12
167;4478;Aria the Origination;11;Episode 13
168;4477;Idol Memories;12;Episode 1
169;4477;Idol Memories;12;Episode 2
170;4476;Honobono Log;13;Episode 1
171;4476;Honobono Log;13;Episode 2
172;4476;Honobono Log;13;Episode 3
173;4476;Honobono Log;13;Episode 4
174;4475;Classicaloid;14;Episode 1
175;4475;Classicaloid;14;Episode 2
176;4475;Classicaloid;14;Episode 3
177;4475;Classicaloid;14;Episode 4
178;4473;RWBY S4;15;Episode 1
179;4473;RWBY S4;15;Episode 2
180;4473;RWBY S4;15;Episode 3
181;4473;RWBY S4;15;OAV 1
182;4472;RWBY S3;16;Episode 1
183;4472;RWBY S3;16;Episode 2
184;4472;RWBY S3;16;Episode 3
185;4472;RWBY S3;16;Episode 4
186;4472;RWBY S3;16;Episode 5
187;4472;RWBY S3;16;Episode 6
188;4472;RWBY S3;16;Episode 7
189;4472;RWBY S3;16;Episode 8
190;4472;RWBY S3;16;Episode 9
191;4472;RWBY S3;16;Episode 10
192;4472;RWBY S3;16;Episode 11
193;4472;RWBY S3;16;Episode 12
194;4471;RWBY S2;17;Episode 1
195;4471;RWBY S2;17;Episode 2
196;4471;RWBY S2;17;Episode 3
197;4471;RWBY S2;17;Episode 4
198;4471;RWBY S2;17;Episode 5
199;4471;RWBY S2;17;Episode 6
200;4471;RWBY S2;17;Episode 7
201;4471;RWBY S2;17;Episode 8
202;4471;RWBY S2;17;Episode 9
203;4471;RWBY S2;17;Episode 10
204;4471;RWBY S2;17;Episode 11
205;4471;RWBY S2;17;Episode 12
206;4470;RWBY S1;18;Episode 1
207;4470;RWBY S1;18;Episode 2
208;4470;RWBY S1;18;Episode 3
209;4470;RWBY S1;18;Episode 4
210;4470;RWBY S1;18;Episode 5
211;4470;RWBY S1;18;Episode 6
212;4470;RWBY S1;18;Episode 7
213;4470;RWBY S1;18;Episode 8
214;4470;RWBY S1;18;Episode 9
215;4470;RWBY S1;18;Episode 10
216;4470;RWBY S1;18;Episode 11
217;4470;RWBY S1;18;Episode 12
218;4470;RWBY S1;18;Episode 13
219;4470;RWBY S1;18;Episode 14
220;4470;RWBY S1;18;Episode 15
221;4470;RWBY S1;18;Episode 16
222;4469;Drifters (OAV);19;OAV 1
223;4468;Evangelion: 3.0 You Can (Not) Redo;20;Episode 1
224;4467;Kubikiri Cycle : Aoiro Savant to Zaregoto Tsukai;21;OAV 1
225;4465;Tokyo Ghoul √A;22;Episode 1
226;4465;Tokyo Ghoul √A;22;Episode 2
227;4465;Tokyo Ghoul √A;22;Episode 3
228;4465;Tokyo Ghoul √A;22;Episode 4
229;4465;Tokyo Ghoul √A;22;Episode 5
230;4465;Tokyo Ghoul √A;22;Episode 6
231;4465;Tokyo Ghoul √A;22;Episode 7
232;4465;Tokyo Ghoul √A;22;Episode 8
233;4465;Tokyo Ghoul √A;22;Episode 9
234;4465;Tokyo Ghoul √A;22;Episode 10
235;4465;Tokyo Ghoul √A;22;Episode 11
236;4465;Tokyo Ghoul √A;22;Episode 12
237;4464;Tokyo Ghoul;23;Episode 1
238;4464;Tokyo Ghoul;23;Episode 2
239;4464;Tokyo Ghoul;23;Episode 3
240;4464;Tokyo Ghoul;23;Episode 4
241;4464;Tokyo Ghoul;23;Episode 5
242;4464;Tokyo Ghoul;23;Episode 6
243;4464;Tokyo Ghoul;23;Episode 7
244;4464;Tokyo Ghoul;23;Episode 8
245;4464;Tokyo Ghoul;23;Episode 9
246;4464;Tokyo Ghoul;23;Episode 10
247;4464;Tokyo Ghoul;23;Episode 11
248;4464;Tokyo Ghoul;23;Episode 12
249;4463;Luger Code 1951;24;OAV 1
250;4462;Owari no Seraph;25;Episode 1
251;4462;Owari no Seraph;25;Episode 2
252;4462;Owari no Seraph;25;Episode 3
253;4462;Owari no Seraph;25;Episode 4
254;4462;Owari no Seraph;25;Episode 5
255;4462;Owari no Seraph;25;Episode 6
256;4462;Owari no Seraph;25;Episode 7
257;4462;Owari no Seraph;25;Episode 8
258;4462;Owari no Seraph;25;Episode 9
259;4462;Owari no Seraph;25;Episode 10
260;4462;Owari no Seraph;25;Episode 11
261;4462;Owari no Seraph;25;Episode 12
262;4461;Show By Rock Short;26;Episode 1
263;4461;Show By Rock Short;26;Episode 2
264;4461;Show By Rock Short;26;Episode 3
265;4461;Show By Rock Short;26;Episode 4
266;4461;Show By Rock Short;26;Episode 5
267;4461;Show By Rock Short;26;Episode 6
268;4461;Show By Rock Short;26;Episode 7
269;4461;Show By Rock Short;26;Episode 8
270;4461;Show By Rock Short;26;Episode 9
271;4461;Show By Rock Short;26;Episode 10
272;4461;Show By Rock Short;26;Episode 11
273;4461;Show By Rock Short;26;Episode 12
274;4460;Show By Rock!! 2;27;Episode 1
275;4460;Show By Rock!! 2;27;Episode 2
276;4460;Show By Rock!! 2;27;Episode 3
277;4459;Time Travel Shoujo : Mari Waka to 8-nin no Kagakusha-tachi;28;Episode 1
278;4459;Time Travel Shoujo : Mari Waka to 8-nin no Kagakusha-tachi;28;Episode 2
279;4459;Time Travel Shoujo : Mari Waka to 8-nin no Kagakusha-tachi;28;Episode 3
280;4459;Time Travel Shoujo : Mari Waka to 8-nin no Kagakusha-tachi;28;Episode 4
281;4459;Time Travel Shoujo : Mari Waka to 8-nin no Kagakusha-tachi;28;Episode 5
282;4459;Time Travel Shoujo : Mari Waka to 8-nin no Kagakusha-tachi;28;Episode 6
283;4459;Time Travel Shoujo : Mari Waka to 8-nin no Kagakusha-tachi;28;Episode 7
284;4459;Time Travel Shoujo : Mari Waka to 8-nin no Kagakusha-tachi;28;Episode 8
285;4459;Time Travel Shoujo : Mari Waka to 8-nin no Kagakusha-tachi;28;Episode 9
286;4459;Time Travel Shoujo : Mari Waka to 8-nin no Kagakusha-tachi;28;Episode 10
287;4459;Time Travel Shoujo : Mari Waka to 8-nin no Kagakusha-tachi;28;Episode 11
288;4459;Time Travel Shoujo : Mari Waka to 8-nin no Kagakusha-tachi;28;Episode 12
289;4458;Anitore! EX;29;Episode 1
290;4458;Anitore! EX;29;Episode 2
291;4458;Anitore! EX;29;Episode 3
292;4458;Anitore! EX;29;Episode 4
293;4458;Anitore! EX;29;Episode 5
294;4458;Anitore! EX;29;Episode 6
295;4458;Anitore! EX;29;Episode 7
296;4458;Anitore! EX;29;Episode 8
297;4458;Anitore! EX;29;Episode 9
298;4458;Anitore! EX;29;Episode 10
299;4458;Anitore! EX;29;Episode 11
300;4458;Anitore! EX;29;Episode 12
301;4457;Zutto Mae Kara Suki Deshita. (Film);30;Episode 1
302;4456;Stella no Mahou;31;Episode 1
303;4456;Stella no Mahou;31;Episode 2
304;4456;Stella no Mahou;31;Episode 3
305;4456;Stella no Mahou;31;Episode 4
306;4455;Cupid's Chocolate;32;Episode 1
307;4455;Cupid's Chocolate;32;Episode 2
308;4455;Cupid's Chocolate;32;Episode 3
309;4455;Cupid's Chocolate;32;Episode 4
310;4455;Cupid's Chocolate;32;Episode 5
311;4455;Cupid's Chocolate;32;Episode 6
312;4454;Shelter;33;OAV 1
313;4453;Onara Gorou;34;Episode 1
314;4453;Onara Gorou;34;Episode 2
315;4452;Tiger Mask W;35;Episode 1
316;4452;Tiger Mask W;35;Episode 2
317;4452;Tiger Mask W;35;Episode 3
318;4452;Tiger Mask W;35;Episode 4
319;4452;Tiger Mask W;35;Episode 5
320;4451;Gi(a)rlish Number;36;Episode 1
321;4451;Gi(a)rlish Number;36;Episode 2
322;4451;Gi(a)rlish Number;36;Episode 3
323;4451;Gi(a)rlish Number;36;Episode 4
324;4451;Gi(a)rlish Number;36;Episode 5
325;4450;Fune wo Amu;37;Episode 1
326;4450;Fune wo Amu;37;Episode 2
327;4450;Fune wo Amu;37;Episode 3
328;4450;Fune wo Amu;37;Episode 4
329;4450;Fune wo Amu;37;Episode 5
330;4450;Fune wo Amu;37;Episode 6
331;4449;Nazotokine;38;Episode 1
332;4449;Nazotokine;38;Episode 2
333;4449;Nazotokine;38;Episode 3
334;4449;Nazotokine;38;Episode 4
335;4449;Nazotokine;38;Episode 5
336;4447;Getsuyoubi no Tawawa;39;Episode 1
337;4447;Getsuyoubi no Tawawa;39;Episode 2
338;4447;Getsuyoubi no Tawawa;39;Episode 3
339;4447;Getsuyoubi no Tawawa;39;Episode 4
340;4447;Getsuyoubi no Tawawa;39;Episode 5
341;4447;Getsuyoubi no Tawawa;39;Episode 6
342;4447;Getsuyoubi no Tawawa;39;Episode 7
343;4446;Bubuki Buranki - Hoshi no Kyojin;40;Episode 1
344;4446;Bubuki Buranki - Hoshi no Kyojin;40;Episode 2
345;4446;Bubuki Buranki - Hoshi no Kyojin;40;Episode 3
346;4446;Bubuki Buranki - Hoshi no Kyojin;40;Episode 4
347;4446;Bubuki Buranki - Hoshi no Kyojin;40;Episode 5
348;4446;Bubuki Buranki - Hoshi no Kyojin;40;Episode 6
349;4446;Bubuki Buranki - Hoshi no Kyojin;40;Episode 7
350;4446;Bubuki Buranki - Hoshi no Kyojin;40;Episode 8
351;4445;Soul Buster;41;Episode 1
352;4445;Soul Buster;41;Episode 2
353;4445;Soul Buster;41;Episode 3
354;4445;Soul Buster;41;Episode 4
355;4445;Soul Buster;41;Episode 5
356;4445;Soul Buster;41;Episode 6
357;4445;Soul Buster;41;Episode 7
358;4445;Soul Buster;41;Episode 8
359;4444;"Steins;Gate Fuka Ryouiki no Déjà-vu (Film)";42;Episode 1
360;4443;Udon no Kuni no Kiniro Kemari;43;Episode 1
361;4443;Udon no Kuni no Kiniro Kemari;43;Episode 2
362;4443;Udon no Kuni no Kiniro Kemari;43;Episode 3
363;4443;Udon no Kuni no Kiniro Kemari;43;Episode 4
364;4443;Udon no Kuni no Kiniro Kemari;43;Episode 5
365;4443;Udon no Kuni no Kiniro Kemari;43;Episode 6
366;4443;Udon no Kuni no Kiniro Kemari;43;Episode 7
367;4442;Long Riders!;44;Episode 1
368;4442;Long Riders!;44;Episode 2
369;4442;Long Riders!;44;Episode 3
370;4442;Long Riders!;44;Episode 4
371;4442;Long Riders!;44;Episode 5
372;4441;Uta no☆Prince-sama♪ Maji LOVE Legend Star;45;Episode 1
373;4441;Uta no☆Prince-sama♪ Maji LOVE Legend Star;45;Episode 2
374;4441;Uta no☆Prince-sama♪ Maji LOVE Legend Star;45;Episode 3
375;4441;Uta no☆Prince-sama♪ Maji LOVE Legend Star;45;Episode 4
376;4441;Uta no☆Prince-sama♪ Maji LOVE Legend Star;45;Episode 5
377;4441;Uta no☆Prince-sama♪ Maji LOVE Legend Star;45;Episode 6
378;4441;Uta no☆Prince-sama♪ Maji LOVE Legend Star;45;Episode 7
379;4440;Touken Ranbu - Hanamaru;46;Episode 1
380;4440;Touken Ranbu - Hanamaru;46;Episode 2
381;4440;Touken Ranbu - Hanamaru;46;Episode 3
382;4440;Touken Ranbu - Hanamaru;46;Episode 4
383;4440;Touken Ranbu - Hanamaru;46;Episode 5
384;4440;Touken Ranbu - Hanamaru;46;Episode 6
385;4440;Touken Ranbu - Hanamaru;46;Episode 7
386;4440;Touken Ranbu - Hanamaru;46;Episode 8
387;4439;Sengoku Choujuu Giga ~Kou~;47;Episode 1
388;4439;Sengoku Choujuu Giga ~Kou~;47;Episode 2
389;4439;Sengoku Choujuu Giga ~Kou~;47;Episode 3
390;4439;Sengoku Choujuu Giga ~Kou~;47;Episode 4
391;4439;Sengoku Choujuu Giga ~Kou~;47;Episode 5
392;4439;Sengoku Choujuu Giga ~Kou~;47;Episode 6
393;4439;Sengoku Choujuu Giga ~Kou~;47;Episode 7
394;4438;Ajin 2nd Season;48;Episode 1
395;4438;Ajin 2nd Season;48;Episode 2
396;4438;Ajin 2nd Season;48;Episode 3
397;4438;Ajin 2nd Season;48;Episode 4
398;4438;Ajin 2nd Season;48;Episode 5
399;4438;Ajin 2nd Season;48;Episode 6
400;4438;Ajin 2nd Season;48;Episode 7
401;4436;Mobile Suit Gundam : Tekketsu no Orphans 2nd season;49;Episode 1
402;4436;Mobile Suit Gundam : Tekketsu no Orphans 2nd season;49;Episode 2
403;4436;Mobile Suit Gundam : Tekketsu no Orphans 2nd season;49;Episode 3
404;4436;Mobile Suit Gundam : Tekketsu no Orphans 2nd season;49;Episode 4
405;4436;Mobile Suit Gundam : Tekketsu no Orphans 2nd season;49;Episode 5
406;4436;Mobile Suit Gundam : Tekketsu no Orphans 2nd season;49;Episode 6
407;4436;Mobile Suit Gundam : Tekketsu no Orphans 2nd season;49;Episode 7
408;4436;Mobile Suit Gundam : Tekketsu no Orphans 2nd season;49;Episode 8
409;4435;Soushin Shoujo Matoi;50;Episode 1
410;4435;Soushin Shoujo Matoi;50;Episode 2
411;4435;Soushin Shoujo Matoi;50;Episode 3
412;4435;Soushin Shoujo Matoi;50;Episode 4
413;4435;Soushin Shoujo Matoi;50;Episode 5
414;4435;Soushin Shoujo Matoi;50;Episode 6
415;4434;Flip Flappers;51;Episode 1
416;4434;Flip Flappers;51;Episode 2
417;4434;Flip Flappers;51;Episode 3
418;4434;Flip Flappers;51;Episode 4
419;4434;Flip Flappers;51;Episode 5
420;4434;Flip Flappers;51;Episode 6
421;4434;Flip Flappers;51;Episode 7
422;4433;Trickster;52;Episode 1
423;4433;Trickster;52;Episode 2
424;4433;Trickster;52;Episode 3
425;4433;Trickster;52;Episode 4
426;4433;Trickster;52;Episode 5
427;4433;Trickster;52;Episode 6
428;4433;Trickster;52;Episode 7
429;4433;Trickster;52;Episode 8
430;4432;Natsume Yuujinchou Go (Natsume yuujin chou S5);53;Episode 1
431;4432;Natsume Yuujinchou Go (Natsume yuujin chou S5);53;Episode 2
432;4432;Natsume Yuujinchou Go (Natsume yuujin chou S5);53;Episode 3
433;4432;Natsume Yuujinchou Go (Natsume yuujin chou S5);53;Episode 4
434;4432;Natsume Yuujinchou Go (Natsume yuujin chou S5);53;Episode 5
435;4432;Natsume Yuujinchou Go (Natsume yuujin chou S5);53;Episode 6
436;4432;Natsume Yuujinchou Go (Natsume yuujin chou S5);53;OAV 1
437;4431;Lostorage Incited WIXOSS;54;Episode 1
438;4431;Lostorage Incited WIXOSS;54;Episode 2
439;4431;Lostorage Incited WIXOSS;54;Episode 3
440;4431;Lostorage Incited WIXOSS;54;Episode 4
441;4431;Lostorage Incited WIXOSS;54;Episode 5
442;4431;Lostorage Incited WIXOSS;54;Episode 6
443;4431;Lostorage Incited WIXOSS;54;Episode 7
444;4431;Lostorage Incited WIXOSS;54;Episode 8
445;4430;All Out!!;55;Episode 1
446;4430;All Out!!;55;Episode 2
447;4430;All Out!!;55;Episode 3
448;4430;All Out!!;55;Episode 4
449;4430;All Out!!;55;Episode 5
450;4430;All Out!!;55;Episode 6
451;4430;All Out!!;55;Episode 7
452;4430;All Out!!;55;Episode 8
453;4429;Bungou Stray Dogs 2nd Season;56;Episode 1
454;4429;Bungou Stray Dogs 2nd Season;56;Episode 2
455;4429;Bungou Stray Dogs 2nd Season;56;Episode 3
456;4429;Bungou Stray Dogs 2nd Season;56;Episode 4
457;4429;Bungou Stray Dogs 2nd Season;56;Episode 5
458;4429;Bungou Stray Dogs 2nd Season;56;Episode 6
459;4429;Bungou Stray Dogs 2nd Season;56;Episode 7
460;4429;Bungou Stray Dogs 2nd Season;56;Episode 8
461;4428;Bernard Jou Iwaku.;57;Episode 1
462;4428;Bernard Jou Iwaku.;57;Episode 2
463;4428;Bernard Jou Iwaku.;57;Episode 3
464;4428;Bernard Jou Iwaku.;57;Episode 4
465;4428;Bernard Jou Iwaku.;57;Episode 5
466;4428;Bernard Jou Iwaku.;57;Episode 6
467;4428;Bernard Jou Iwaku.;57;Episode 7
468;4428;Bernard Jou Iwaku.;57;Episode 8
469;4427;Keijo!!!!!!!!;58;Episode 1
470;4427;Keijo!!!!!!!!;58;Episode 2
471;4427;Keijo!!!!!!!!;58;Episode 3
472;4427;Keijo!!!!!!!!;58;Episode 4
473;4427;Keijo!!!!!!!!;58;Episode 5
474;4427;Keijo!!!!!!!!;58;Episode 6
475;4427;Keijo!!!!!!!!;58;Episode 7
476;4427;Keijo!!!!!!!!;58;Episode 8
477;4426;Yuri!!! on Ice;59;Episode 1
478;4426;Yuri!!! on Ice;59;Episode 2
479;4426;Yuri!!! on Ice;59;Episode 3
480;4426;Yuri!!! on Ice;59;Episode 4
481;4426;Yuri!!! on Ice;59;Episode 5
482;4426;Yuri!!! on Ice;59;Episode 6
483;4426;Yuri!!! on Ice;59;Episode 7
484;4426;Yuri!!! on Ice;59;Episode 8
485;4425;Brave Witches;60;Episode 1
486;4425;Brave Witches;60;Episode 2
487;4425;Brave Witches;60;Episode 3
488;4425;Brave Witches;60;Episode 4
489;4425;Brave Witches;60;Episode 5
490;4425;Brave Witches;60;Episode 6
491;4425;Brave Witches;60;Episode 7
492;4424;Chi's Sweet Home (2016);61;Episode 1
493;4424;Chi's Sweet Home (2016);61;Episode 2
494;4424;Chi's Sweet Home (2016);61;Episode 3
495;4424;Chi's Sweet Home (2016);61;Episode 4
496;4424;Chi's Sweet Home (2016);61;Episode 5
497;4424;Chi's Sweet Home (2016);61;Episode 6
498;4424;Chi's Sweet Home (2016);61;Episode 7
499;4423;Kiitarou Shounen no Youkai Enikki;62;Episode 1
500;4423;Kiitarou Shounen no Youkai Enikki;62;Episode 2
501;4423;Kiitarou Shounen no Youkai Enikki;62;Episode 3
502;4423;Kiitarou Shounen no Youkai Enikki;62;Episode 4
503;4423;Kiitarou Shounen no Youkai Enikki;62;Episode 5
504;4423;Kiitarou Shounen no Youkai Enikki;62;Episode 6
505;4423;Kiitarou Shounen no Youkai Enikki;62;Episode 7
506;4423;Kiitarou Shounen no Youkai Enikki;62;Episode 8
507;4422;Monster Hunter Stories RIDE ON;63;Episode 1
508;4422;Monster Hunter Stories RIDE ON;63;Episode 2
509;4421;Hibike! Euphonium 2nd Season;64;Episode 1
510;4421;Hibike! Euphonium 2nd Season;64;Episode 2
511;4421;Hibike! Euphonium 2nd Season;64;Episode 3
512;4421;Hibike! Euphonium 2nd Season;64;Episode 4
513;4421;Hibike! Euphonium 2nd Season;64;Episode 5
514;4421;Hibike! Euphonium 2nd Season;64;Episode 6
515;4421;Hibike! Euphonium 2nd Season;64;Episode 7
516;4421;Hibike! Euphonium 2nd Season;64;Episode 8
517;4420;Cheating Craft;65;Episode 1
518;4420;Cheating Craft;65;Episode 2
519;4420;Cheating Craft;65;Episode 3
520;4420;Cheating Craft;65;Episode 4
521;4420;Cheating Craft;65;Episode 5
522;4420;Cheating Craft;65;Episode 6
523;4420;Cheating Craft;65;Episode 7
524;4420;Cheating Craft;65;Episode 8
525;4419;To Be Hero;66;Episode 1
526;4419;To Be Hero;66;Episode 2
527;4419;To Be Hero;66;Episode 3
528;4419;To Be Hero;66;Episode 4
529;4419;To Be Hero;66;Episode 5
530;4419;To Be Hero;66;Episode 6
531;4419;To Be Hero;66;Episode 7
532;4419;To Be Hero;66;Episode 8
533;4418;Anitore! XX;67;Episode 1
534;4418;Anitore! XX;67;Episode 2
535;4418;Anitore! XX;67;Episode 3
536;4418;Anitore! XX;67;Episode 4
537;4418;Anitore! XX;67;Episode 5
538;4418;Anitore! XX;67;Episode 6
539;4418;Anitore! XX;67;Episode 7
540;4418;Anitore! XX;67;Episode 8
541;4417;Mahou Shoujo Nante Mou Ii Desukara. 2nd Season;68;Episode 1
542;4417;Mahou Shoujo Nante Mou Ii Desukara. 2nd Season;68;Episode 2
543;4417;Mahou Shoujo Nante Mou Ii Desukara. 2nd Season;68;Episode 3
544;4417;Mahou Shoujo Nante Mou Ii Desukara. 2nd Season;68;Episode 4
545;4417;Mahou Shoujo Nante Mou Ii Desukara. 2nd Season;68;Episode 5
546;4417;Mahou Shoujo Nante Mou Ii Desukara. 2nd Season;68;Episode 6
547;4417;Mahou Shoujo Nante Mou Ii Desukara. 2nd Season;68;Episode 7
548;4417;Mahou Shoujo Nante Mou Ii Desukara. 2nd Season;68;Episode 8
549;4416;Nanbaka;69;Episode 1
550;4416;Nanbaka;69;Episode 2
551;4416;Nanbaka;69;Episode 3
552;4416;Nanbaka;69;Episode 4
553;4416;Nanbaka;69;Episode 5
554;4416;Nanbaka;69;Episode 6
555;4416;Nanbaka;69;Episode 7
556;4416;Nanbaka;69;Episode 8
557;4415;Nobunaga no Shinobi;70;Episode 1
558;4415;Nobunaga no Shinobi;70;Episode 2
559;4415;Nobunaga no Shinobi;70;Episode 3
560;4415;Nobunaga no Shinobi;70;Episode 4
561;4415;Nobunaga no Shinobi;70;Episode 5
562;4415;Nobunaga no Shinobi;70;Episode 6
563;4415;Nobunaga no Shinobi;70;Episode 7
564;4415;Nobunaga no Shinobi;70;Episode 8
565;4413;Shakunetsu no Takkyuu Musume;71;Episode 1
566;4413;Shakunetsu no Takkyuu Musume;71;Episode 2
567;4413;Shakunetsu no Takkyuu Musume;71;Episode 3
568;4413;Shakunetsu no Takkyuu Musume;71;Episode 4
569;4413;Shakunetsu no Takkyuu Musume;71;Episode 5
570;4413;Shakunetsu no Takkyuu Musume;71;Episode 6
571;4413;Shakunetsu no Takkyuu Musume;71;Episode 7
572;4413;Shakunetsu no Takkyuu Musume;71;Episode 8
573;4412;Gakuen Handsome;72;Episode 1
574;4412;Gakuen Handsome;72;Episode 2
575;4412;Gakuen Handsome;72;Episode 3
576;4412;Gakuen Handsome;72;Episode 4
577;4412;Gakuen Handsome;72;Episode 5
578;4412;Gakuen Handsome;72;Episode 6
579;4412;Gakuen Handsome;72;Episode 7
580;4412;Gakuen Handsome;72;Episode 8
581;4411;Kaitou Joker 4th Season;73;Episode 1
582;4411;Kaitou Joker 4th Season;73;Episode 2
583;4411;Kaitou Joker 4th Season;73;Episode 3
584;4411;Kaitou Joker 4th Season;73;Episode 4
585;4411;Kaitou Joker 4th Season;73;Episode 5
586;4411;Kaitou Joker 4th Season;73;Episode 6
587;4411;Kaitou Joker 4th Season;73;Episode 7
588;4411;Kaitou Joker 4th Season;73;Episode 8
589;4410;ViVid Strike!;74;Episode 1
590;4410;ViVid Strike!;74;Episode 2
591;4410;ViVid Strike!;74;Episode 3
592;4410;ViVid Strike!;74;Episode 4
593;4410;ViVid Strike!;74;Episode 5
594;4410;ViVid Strike!;74;Episode 6
595;4410;ViVid Strike!;74;Episode 7
596;4410;ViVid Strike!;74;Episode 8
597;4409;Okusama ga Seito Kaichou! 2nd Season;75;Episode 1
598;4409;Okusama ga Seito Kaichou! 2nd Season;75;Episode 2
599;4409;Okusama ga Seito Kaichou! 2nd Season;75;Episode 3
600;4409;Okusama ga Seito Kaichou! 2nd Season;75;Episode 4
601;4409;Okusama ga Seito Kaichou! 2nd Season;75;Episode 5
602;4409;Okusama ga Seito Kaichou! 2nd Season;75;Episode 6
603;4409;Okusama ga Seito Kaichou! 2nd Season;75;Episode 7
604;4409;Okusama ga Seito Kaichou! 2nd Season;75;Episode 8
605;4408;Magic-Kyun! Renaissance;76;Episode 1
606;4408;Magic-Kyun! Renaissance;76;Episode 2
607;4408;Magic-Kyun! Renaissance;76;Episode 3
608;4408;Magic-Kyun! Renaissance;76;Episode 4
609;4408;Magic-Kyun! Renaissance;76;Episode 5
610;4408;Magic-Kyun! Renaissance;76;Episode 6
611;4408;Magic-Kyun! Renaissance;76;Episode 7
612;4408;Magic-Kyun! Renaissance;76;Episode 8
613;4407;Ao Oni (TV);77;Episode 1
614;4407;Ao Oni (TV);77;Episode 2
615;4407;Ao Oni (TV);77;Episode 3
616;4407;Ao Oni (TV);77;Episode 4
617;4407;Ao Oni (TV);77;Episode 5
618;4407;Ao Oni (TV);77;Episode 6
619;4407;Ao Oni (TV);77;Episode 7
620;4406;Mahou Shoujo Ikusei Keikaku;78;Episode 1
621;4406;Mahou Shoujo Ikusei Keikaku;78;Episode 2
622;4406;Mahou Shoujo Ikusei Keikaku;78;Episode 3
623;4406;Mahou Shoujo Ikusei Keikaku;78;Episode 4
624;4406;Mahou Shoujo Ikusei Keikaku;78;Episode 5
625;4406;Mahou Shoujo Ikusei Keikaku;78;Episode 6
626;4406;Mahou Shoujo Ikusei Keikaku;78;Episode 7
627;4406;Mahou Shoujo Ikusei Keikaku;78;Episode 8
628;4405;Shuumatsu no Izetta;79;Episode 1
629;4405;Shuumatsu no Izetta;79;Episode 2
630;4405;Shuumatsu no Izetta;79;Episode 3
631;4405;Shuumatsu no Izetta;79;Episode 4
632;4405;Shuumatsu no Izetta;79;Episode 5
633;4405;Shuumatsu no Izetta;79;Episode 6
634;4405;Shuumatsu no Izetta;79;Episode 7
635;4405;Shuumatsu no Izetta;79;Episode 8
636;4404;Bloodivores;80;Episode 1
637;4404;Bloodivores;80;Episode 2
638;4404;Bloodivores;80;Episode 3
639;4404;Bloodivores;80;Episode 4
640;4404;Bloodivores;80;Episode 5
641;4404;Bloodivores;80;Episode 6
642;4404;Bloodivores;80;Episode 7
643;4404;Bloodivores;80;Episode 8
644;4403;Kaijuu Girls : Ultra Kaijū Gijinka Keikaku;81;Episode 1
645;4403;Kaijuu Girls : Ultra Kaijū Gijinka Keikaku;81;Episode 2
646;4403;Kaijuu Girls : Ultra Kaijū Gijinka Keikaku;81;Episode 3
647;4403;Kaijuu Girls : Ultra Kaijū Gijinka Keikaku;81;Episode 4
648;4403;Kaijuu Girls : Ultra Kaijū Gijinka Keikaku;81;Episode 5
649;4403;Kaijuu Girls : Ultra Kaijū Gijinka Keikaku;81;Episode 6
650;4403;Kaijuu Girls : Ultra Kaijū Gijinka Keikaku;81;Episode 7
651;4403;Kaijuu Girls : Ultra Kaijū Gijinka Keikaku;81;Episode 8
652;4403;Kaijuu Girls : Ultra Kaijū Gijinka Keikaku;81;Episode 9
653;4402;Zero no Tsukaima ~Princess no Rondo~ (Saison 3);82;Episode 1
654;4402;Zero no Tsukaima ~Princess no Rondo~ (Saison 3);82;Episode 2
655;4402;Zero no Tsukaima ~Princess no Rondo~ (Saison 3);82;Episode 3
656;4402;Zero no Tsukaima ~Princess no Rondo~ (Saison 3);82;Episode 4
657;4402;Zero no Tsukaima ~Princess no Rondo~ (Saison 3);82;Episode 5
658;4402;Zero no Tsukaima ~Princess no Rondo~ (Saison 3);82;Episode 6
659;4402;Zero no Tsukaima ~Princess no Rondo~ (Saison 3);82;Episode 7
660;4402;Zero no Tsukaima ~Princess no Rondo~ (Saison 3);82;Episode 8
661;4402;Zero no Tsukaima ~Princess no Rondo~ (Saison 3);82;Episode 9
662;4402;Zero no Tsukaima ~Princess no Rondo~ (Saison 3);82;Episode 10
663;4402;Zero no Tsukaima ~Princess no Rondo~ (Saison 3);82;Episode 11
664;4402;Zero no Tsukaima ~Princess no Rondo~ (Saison 3);82;Episode 12
665;4401;Zero no Tsukaima ~Futatsuki no Kishi~ (Saison 2);83;Episode 1
666;4401;Zero no Tsukaima ~Futatsuki no Kishi~ (Saison 2);83;Episode 2
667;4401;Zero no Tsukaima ~Futatsuki no Kishi~ (Saison 2);83;Episode 3
668;4401;Zero no Tsukaima ~Futatsuki no Kishi~ (Saison 2);83;Episode 4
669;4401;Zero no Tsukaima ~Futatsuki no Kishi~ (Saison 2);83;Episode 5
670;4401;Zero no Tsukaima ~Futatsuki no Kishi~ (Saison 2);83;Episode 6
671;4401;Zero no Tsukaima ~Futatsuki no Kishi~ (Saison 2);83;Episode 7
672;4401;Zero no Tsukaima ~Futatsuki no Kishi~ (Saison 2);83;Episode 8
673;4401;Zero no Tsukaima ~Futatsuki no Kishi~ (Saison 2);83;Episode 9
674;4401;Zero no Tsukaima ~Futatsuki no Kishi~ (Saison 2);83;Episode 10
675;4401;Zero no Tsukaima ~Futatsuki no Kishi~ (Saison 2);83;Episode 11
676;4401;Zero no Tsukaima ~Futatsuki no Kishi~ (Saison 2);83;Episode 12
677;4400;Nyanbo!;84;Episode 1
678;4400;Nyanbo!;84;Episode 2
679;4400;Nyanbo!;84;Episode 3
680;4400;Nyanbo!;84;Episode 4
681;4400;Nyanbo!;84;Episode 5
682;4400;Nyanbo!;84;Episode 6
683;4400;Nyanbo!;84;Episode 7
684;4400;Nyanbo!;84;Episode 8
685;4400;Nyanbo!;84;Episode 9
686;4399;Dream Festival!;85;Episode 1
687;4399;Dream Festival!;85;Episode 2
688;4399;Dream Festival!;85;Episode 3
689;4399;Dream Festival!;85;Episode 4
690;4399;Dream Festival!;85;Episode 5
691;4399;Dream Festival!;85;Episode 6
692;4399;Dream Festival!;85;Episode 7
693;4399;Dream Festival!;85;Episode 8
694;4399;Dream Festival!;85;Episode 9
695;4398;Darker Than Black 2nd Season;86;Episode 1
696;4398;Darker Than Black 2nd Season;86;Episode 2
697;4398;Darker Than Black 2nd Season;86;Episode 3
698;4398;Darker Than Black 2nd Season;86;Episode 4
699;4398;Darker Than Black 2nd Season;86;Episode 5
700;4398;Darker Than Black 2nd Season;86;Episode 6
701;4398;Darker Than Black 2nd Season;86;Episode 7
702;4398;Darker Than Black 2nd Season;86;Episode 8
703;4398;Darker Than Black 2nd Season;86;Episode 9
704;4398;Darker Than Black 2nd Season;86;Episode 10
705;4398;Darker Than Black 2nd Season;86;Episode 11
706;4398;Darker Than Black 2nd Season;86;Episode 12
707;4397;Spice and Wolf II (Ookami to Koushinryou II);87;Episode 1
708;4397;Spice and Wolf II (Ookami to Koushinryou II);87;Episode 2
709;4397;Spice and Wolf II (Ookami to Koushinryou II);87;Episode 3
710;4397;Spice and Wolf II (Ookami to Koushinryou II);87;Episode 4
711;4397;Spice and Wolf II (Ookami to Koushinryou II);87;Episode 5
712;4397;Spice and Wolf II (Ookami to Koushinryou II);87;Episode 6
713;4397;Spice and Wolf II (Ookami to Koushinryou II);87;Episode 7
714;4397;Spice and Wolf II (Ookami to Koushinryou II);87;Episode 8
715;4397;Spice and Wolf II (Ookami to Koushinryou II);87;Episode 9
716;4397;Spice and Wolf II (Ookami to Koushinryou II);87;Episode 10
717;4397;Spice and Wolf II (Ookami to Koushinryou II);87;Episode 11
718;4397;Spice and Wolf II (Ookami to Koushinryou II);87;Episode 12
719;4396;Hataraki Man (Anime);88;Episode 1
720;4396;Hataraki Man (Anime);88;Episode 2
721;4396;Hataraki Man (Anime);88;Episode 3
722;4396;Hataraki Man (Anime);88;Episode 4
723;4396;Hataraki Man (Anime);88;Episode 5
724;4396;Hataraki Man (Anime);88;Episode 6
725;4396;Hataraki Man (Anime);88;Episode 7
726;4396;Hataraki Man (Anime);88;Episode 8
727;4396;Hataraki Man (Anime);88;Episode 9
728;4396;Hataraki Man (Anime);88;Episode 10
729;4396;Hataraki Man (Anime);88;Episode 11
730;4395;The Ancient Magus Bride;89;OAV 1
731;4394;Mahou Shoujo? Naria☆Girls;90;Episode 1
732;4394;Mahou Shoujo? Naria☆Girls;90;Episode 2
733;4394;Mahou Shoujo? Naria☆Girls;90;Episode 3
734;4394;Mahou Shoujo? Naria☆Girls;90;Episode 4
735;4394;Mahou Shoujo? Naria☆Girls;90;Episode 5
736;4394;Mahou Shoujo? Naria☆Girls;90;Episode 6
737;4394;Mahou Shoujo? Naria☆Girls;90;Episode 7
738;4394;Mahou Shoujo? Naria☆Girls;90;Episode 8
739;4394;Mahou Shoujo? Naria☆Girls;90;Episode 9
740;4394;Mahou Shoujo? Naria☆Girls;90;Episode 10
741;4394;Mahou Shoujo? Naria☆Girls;90;Episode 11
742;4394;Mahou Shoujo? Naria☆Girls;90;Episode 12
743;4393;Sansha Sanyou;91;Episode 1
744;4393;Sansha Sanyou;91;Episode 2
745;4393;Sansha Sanyou;91;Episode 3
746;4393;Sansha Sanyou;91;Episode 4
747;4393;Sansha Sanyou;91;Episode 5
748;4393;Sansha Sanyou;91;Episode 6
749;4393;Sansha Sanyou;91;Episode 7
750;4393;Sansha Sanyou;91;Episode 8
751;4393;Sansha Sanyou;91;Episode 9
752;4393;Sansha Sanyou;91;Episode 10
753;4393;Sansha Sanyou;91;Episode 11
754;4393;Sansha Sanyou;91;Episode 12
755;4392;12-Sai. ~Chiccha na Mune no Tokimeki~;92;Episode 1
756;4392;12-Sai. ~Chiccha na Mune no Tokimeki~;92;Episode 2
757;4392;12-Sai. ~Chiccha na Mune no Tokimeki~;92;Episode 3
758;4392;12-Sai. ~Chiccha na Mune no Tokimeki~;92;Episode 4
759;4392;12-Sai. ~Chiccha na Mune no Tokimeki~;92;Episode 5
760;4392;12-Sai. ~Chiccha na Mune no Tokimeki~;92;Episode 6
761;4392;12-Sai. ~Chiccha na Mune no Tokimeki~;92;Episode 7
762;4392;12-Sai. ~Chiccha na Mune no Tokimeki~;92;Episode 8
763;4392;12-Sai. ~Chiccha na Mune no Tokimeki~;92;Episode 9
764;4392;12-Sai. ~Chiccha na Mune no Tokimeki~;92;Episode 10
765;4392;12-Sai. ~Chiccha na Mune no Tokimeki~;92;Episode 11
766;4392;12-Sai. ~Chiccha na Mune no Tokimeki~;92;Episode 12
767;4392;12-Sai. ~Chiccha na Mune no Tokimeki~;92;Episode 13
768;4392;12-Sai. ~Chiccha na Mune no Tokimeki~;92;Episode 14
769;4392;12-Sai. ~Chiccha na Mune no Tokimeki~;92;Episode 15
770;4392;12-Sai. ~Chiccha na Mune no Tokimeki~;92;Episode 16
771;4392;12-Sai. ~Chiccha na Mune no Tokimeki~;92;Episode 17
772;4392;12-Sai. ~Chiccha na Mune no Tokimeki~;92;Episode 18
773;4392;12-Sai. ~Chiccha na Mune no Tokimeki~;92;Episode 19
774;4392;12-Sai. ~Chiccha na Mune no Tokimeki~;92;Episode 20
775;4392;12-Sai. ~Chiccha na Mune no Tokimeki~;92;OAV 1
776;4392;12-Sai. ~Chiccha na Mune no Tokimeki~;92;OAV 2
777;4392;12-Sai. ~Chiccha na Mune no Tokimeki~;92;OAV 3
778;4392;12-Sai. ~Chiccha na Mune no Tokimeki~;92;OAV 4
779;4392;12-Sai. ~Chiccha na Mune no Tokimeki~;92;OAV 5
780;4392;12-Sai. ~Chiccha na Mune no Tokimeki~;92;OAV 6
781;4392;12-Sai. ~Chiccha na Mune no Tokimeki~;92;OAV 7
782;4392;12-Sai. ~Chiccha na Mune no Tokimeki~;92;OAV 8
783;4391;Nanatsu no Taizai : Seisen no Shirushi;93;Episode 1
784;4391;Nanatsu no Taizai : Seisen no Shirushi;93;Episode 2
785;4391;Nanatsu no Taizai : Seisen no Shirushi;93;Episode 3
786;4391;Nanatsu no Taizai : Seisen no Shirushi;93;Episode 4
787;4390;Shinmai Maou no Testament Burst Non censuré;94;Episode 1
788;4390;Shinmai Maou no Testament Burst Non censuré;94;Episode 2
789;4390;Shinmai Maou no Testament Burst Non censuré;94;Episode 3
790;4390;Shinmai Maou no Testament Burst Non censuré;94;Episode 4
791;4390;Shinmai Maou no Testament Burst Non censuré;94;Episode 5
792;4390;Shinmai Maou no Testament Burst Non censuré;94;Episode 6
793;4390;Shinmai Maou no Testament Burst Non censuré;94;Episode 7
794;4390;Shinmai Maou no Testament Burst Non censuré;94;Episode 8
795;4390;Shinmai Maou no Testament Burst Non censuré;94;Episode 9
796;4390;Shinmai Maou no Testament Burst Non censuré;94;Episode 10
797;4389;Under The Dog;95;OAV 1
798;4388;Planetarian ~Chiisana Hoshi no Yume~;96;Episode 1
799;4388;Planetarian ~Chiisana Hoshi no Yume~;96;Episode 2
800;4388;Planetarian ~Chiisana Hoshi no Yume~;96;Episode 3
801;4388;Planetarian ~Chiisana Hoshi no Yume~;96;Episode 4
802;4388;Planetarian ~Chiisana Hoshi no Yume~;96;Episode 5
803;4387;Saiki Kusuo no Ψ Nan;97;Episode 1
804;4387;Saiki Kusuo no Ψ Nan;97;Episode 2
805;4387;Saiki Kusuo no Ψ Nan;97;Episode 3
806;4387;Saiki Kusuo no Ψ Nan;97;Episode 4
807;4387;Saiki Kusuo no Ψ Nan;97;Episode 5
808;4387;Saiki Kusuo no Ψ Nan;97;Episode 6
809;4387;Saiki Kusuo no Ψ Nan;97;Episode 7
810;4387;Saiki Kusuo no Ψ Nan;97;Episode 8
811;4387;Saiki Kusuo no Ψ Nan;97;Episode 9
812;4387;Saiki Kusuo no Ψ Nan;97;Episode 10
813;4387;Saiki Kusuo no Ψ Nan;97;Episode 11
814;4387;Saiki Kusuo no Ψ Nan;97;Episode 12
815;4387;Saiki Kusuo no Ψ Nan;97;Episode 13
816;4387;Saiki Kusuo no Ψ Nan;97;Episode 14
817;4387;Saiki Kusuo no Ψ Nan;97;Episode 15
818;4387;Saiki Kusuo no Ψ Nan;97;Episode 16
819;4387;Saiki Kusuo no Ψ Nan;97;Episode 17
820;4387;Saiki Kusuo no Ψ Nan;97;Episode 18
821;4386;Yozakura Quartet: Tsuki ni Naku OAV;98;Episode 1
822;4386;Yozakura Quartet: Tsuki ni Naku OAV;98;Episode 2
823;4386;Yozakura Quartet: Tsuki ni Naku OAV;98;Episode 3
824;4385;Black Butler 3: Book of Circus;99;Episode 1
825;4385;Black Butler 3: Book of Circus;99;Episode 2
826;4385;Black Butler 3: Book of Circus;99;Episode 3
827;4385;Black Butler 3: Book of Circus;99;Episode 4
828;4385;Black Butler 3: Book of Circus;99;Episode 5
829;4385;Black Butler 3: Book of Circus;99;Episode 6
830;4385;Black Butler 3: Book of Circus;99;Episode 7
831;4385;Black Butler 3: Book of Circus;99;Episode 8
832;4385;Black Butler 3: Book of Circus;99;Episode 9
833;4385;Black Butler 3: Book of Circus;99;Episode 10
834;4384;Battery;100;Episode 1
835;4384;Battery;100;Episode 2
836;4384;Battery;100;Episode 3
837;4384;Battery;100;Episode 4
838;4384;Battery;100;Episode 5
839;4384;Battery;100;Episode 6
840;4384;Battery;100;Episode 7
841;4384;Battery;100;Episode 8
842;4384;Battery;100;Episode 9
843;4384;Battery;100;Episode 10
844;4384;Battery;100;Episode 11
845;4383;Mob Psycho 100;101;Episode 1
846;4383;Mob Psycho 100;101;Episode 2
847;4383;Mob Psycho 100;101;Episode 3
848;4383;Mob Psycho 100;101;Episode 4
849;4383;Mob Psycho 100;101;Episode 5
850;4383;Mob Psycho 100;101;Episode 6
851;4383;Mob Psycho 100;101;Episode 7
852;4383;Mob Psycho 100;101;Episode 8
853;4383;Mob Psycho 100;101;Episode 9
854;4383;Mob Psycho 100;101;Episode 10
855;4383;Mob Psycho 100;101;Episode 11
856;4383;Mob Psycho 100;101;Episode 12
857;4382;Active Raid : Kidõ Kyõshushitsu Dai Hakkei 2nd Season;102;Episode 1
858;4382;Active Raid : Kidõ Kyõshushitsu Dai Hakkei 2nd Season;102;Episode 2
859;4382;Active Raid : Kidõ Kyõshushitsu Dai Hakkei 2nd Season;102;Episode 3
860;4382;Active Raid : Kidõ Kyõshushitsu Dai Hakkei 2nd Season;102;Episode 4
861;4382;Active Raid : Kidõ Kyõshushitsu Dai Hakkei 2nd Season;102;Episode 5
862;4382;Active Raid : Kidõ Kyõshushitsu Dai Hakkei 2nd Season;102;Episode 6
863;4382;Active Raid : Kidõ Kyõshushitsu Dai Hakkei 2nd Season;102;Episode 7
864;4382;Active Raid : Kidõ Kyõshushitsu Dai Hakkei 2nd Season;102;Episode 8
865;4382;Active Raid : Kidõ Kyõshushitsu Dai Hakkei 2nd Season;102;Episode 9
866;4382;Active Raid : Kidõ Kyõshushitsu Dai Hakkei 2nd Season;102;Episode 10
867;4382;Active Raid : Kidõ Kyõshushitsu Dai Hakkei 2nd Season;102;Episode 11
868;4382;Active Raid : Kidõ Kyõshushitsu Dai Hakkei 2nd Season;102;Episode 12
869;4381;Handa-kun;103;Episode 1
870;4381;Handa-kun;103;Episode 2
871;4381;Handa-kun;103;Episode 3
872;4381;Handa-kun;103;Episode 4
873;4381;Handa-kun;103;Episode 5
874;4381;Handa-kun;103;Episode 6
875;4381;Handa-kun;103;Episode 7
876;4381;Handa-kun;103;Episode 8
877;4381;Handa-kun;103;Episode 9
878;4381;Handa-kun;103;Episode 10
879;4381;Handa-kun;103;Episode 11
880;4381;Handa-kun;103;Episode 12
881;4380;Ange Vierge;104;Episode 1
882;4380;Ange Vierge;104;Episode 2
883;4380;Ange Vierge;104;Episode 3
884;4380;Ange Vierge;104;Episode 4
885;4380;Ange Vierge;104;Episode 5
886;4380;Ange Vierge;104;Episode 6
887;4380;Ange Vierge;104;Episode 7
888;4380;Ange Vierge;104;Episode 8
889;4380;Ange Vierge;104;Episode 9
890;4380;Ange Vierge;104;Episode 10
891;4380;Ange Vierge;104;Episode 11
892;4380;Ange Vierge;104;Episode 12
893;4379;Cheer Danshi!!;105;Episode 1
894;4379;Cheer Danshi!!;105;Episode 2
895;4379;Cheer Danshi!!;105;Episode 3
896;4379;Cheer Danshi!!;105;Episode 4
897;4379;Cheer Danshi!!;105;Episode 5
898;4379;Cheer Danshi!!;105;Episode 6
899;4379;Cheer Danshi!!;105;Episode 7
900;4379;Cheer Danshi!!;105;Episode 8
901;4379;Cheer Danshi!!;105;Episode 9
902;4379;Cheer Danshi!!;105;Episode 10
903;4379;Cheer Danshi!!;105;Episode 11
904;4379;Cheer Danshi!!;105;Episode 12
905;4378;Regalia: The Three Sacred Stars;106;Episode 1
906;4378;Regalia: The Three Sacred Stars;106;Episode 2
907;4378;Regalia: The Three Sacred Stars;106;Episode 3
908;4378;Regalia: The Three Sacred Stars;106;Episode 4
909;4378;Regalia: The Three Sacred Stars;106;Episode 5
910;4378;Regalia: The Three Sacred Stars;106;Episode 6
911;4378;Regalia: The Three Sacred Stars;106;Episode 7
912;4378;Regalia: The Three Sacred Stars;106;Episode 8
913;4378;Regalia: The Three Sacred Stars;106;Episode 9
914;4378;Regalia: The Three Sacred Stars;106;Episode 10
915;4378;Regalia: The Three Sacred Stars;106;Episode 11
916;4378;Regalia: The Three Sacred Stars;106;Episode 12
917;4377;Kono Bijutsu-bu ni Mondai ga Aru!;107;Episode 1
918;4377;Kono Bijutsu-bu ni Mondai ga Aru!;107;Episode 2
919;4377;Kono Bijutsu-bu ni Mondai ga Aru!;107;Episode 3
920;4377;Kono Bijutsu-bu ni Mondai ga Aru!;107;Episode 4
921;4377;Kono Bijutsu-bu ni Mondai ga Aru!;107;Episode 5
922;4377;Kono Bijutsu-bu ni Mondai ga Aru!;107;Episode 6
923;4377;Kono Bijutsu-bu ni Mondai ga Aru!;107;Episode 7
924;4377;Kono Bijutsu-bu ni Mondai ga Aru!;107;Episode 8
925;4377;Kono Bijutsu-bu ni Mondai ga Aru!;107;Episode 9
926;4377;Kono Bijutsu-bu ni Mondai ga Aru!;107;Episode 10
927;4377;Kono Bijutsu-bu ni Mondai ga Aru!;107;Episode 11
928;4377;Kono Bijutsu-bu ni Mondai ga Aru!;107;Episode 12
929;4376;Hitori no Shita: The Outcast;108;Episode 1
930;4376;Hitori no Shita: The Outcast;108;Episode 2
931;4376;Hitori no Shita: The Outcast;108;Episode 3
932;4376;Hitori no Shita: The Outcast;108;Episode 4
933;4376;Hitori no Shita: The Outcast;108;Episode 5
934;4376;Hitori no Shita: The Outcast;108;Episode 6
935;4376;Hitori no Shita: The Outcast;108;Episode 7
936;4376;Hitori no Shita: The Outcast;108;Episode 8
937;4376;Hitori no Shita: The Outcast;108;Episode 9
938;4376;Hitori no Shita: The Outcast;108;Episode 10
939;4376;Hitori no Shita: The Outcast;108;Episode 11
940;4376;Hitori no Shita: The Outcast;108;Episode 12
941;4375;Amanchu!;109;Episode 1
942;4375;Amanchu!;109;Episode 2
943;4375;Amanchu!;109;Episode 3
944;4375;Amanchu!;109;Episode 4
945;4375;Amanchu!;109;Episode 5
946;4375;Amanchu!;109;Episode 6
947;4375;Amanchu!;109;Episode 7
948;4375;Amanchu!;109;Episode 8
949;4375;Amanchu!;109;Episode 9
950;4375;Amanchu!;109;Episode 10
951;4375;Amanchu!;109;Episode 11
952;4375;Amanchu!;109;Episode 12
953;4374;Tsukiuta. THE ANIMATION;110;Episode 1
954;4374;Tsukiuta. THE ANIMATION;110;Episode 2
955;4374;Tsukiuta. THE ANIMATION;110;Episode 3
956;4374;Tsukiuta. THE ANIMATION;110;Episode 4
957;4374;Tsukiuta. THE ANIMATION;110;Episode 5
958;4374;Tsukiuta. THE ANIMATION;110;Episode 6
959;4374;Tsukiuta. THE ANIMATION;110;Episode 7
960;4374;Tsukiuta. THE ANIMATION;110;Episode 8
961;4374;Tsukiuta. THE ANIMATION;110;Episode 9
962;4374;Tsukiuta. THE ANIMATION;110;Episode 10
963;4374;Tsukiuta. THE ANIMATION;110;Episode 11
964;4374;Tsukiuta. THE ANIMATION;110;Episode 12
965;4374;Tsukiuta. THE ANIMATION;110;Episode 13
966;4373;Hatsukoi Monster;111;Episode 1
967;4373;Hatsukoi Monster;111;Episode 2
968;4373;Hatsukoi Monster;111;Episode 3
969;4373;Hatsukoi Monster;111;Episode 4
970;4373;Hatsukoi Monster;111;Episode 5
971;4373;Hatsukoi Monster;111;Episode 6
972;4373;Hatsukoi Monster;111;Episode 7
973;4373;Hatsukoi Monster;111;Episode 8
974;4373;Hatsukoi Monster;111;Episode 9
975;4373;Hatsukoi Monster;111;Episode 10
976;4373;Hatsukoi Monster;111;Episode 11
977;4373;Hatsukoi Monster;111;Episode 12
978;4372;Bananya;112;Episode 1
979;4372;Bananya;112;Episode 2
980;4372;Bananya;112;Episode 3
981;4372;Bananya;112;Episode 4
982;4372;Bananya;112;Episode 5
983;4372;Bananya;112;Episode 6
984;4372;Bananya;112;Episode 7
985;4372;Bananya;112;Episode 8
986;4372;Bananya;112;Episode 9
987;4372;Bananya;112;Episode 10
988;4372;Bananya;112;Episode 11
989;4372;Bananya;112;Episode 12
990;4372;Bananya;112;Episode 13
991;4371;91 Days;113;Episode 1
992;4371;91 Days;113;Episode 2
993;4371;91 Days;113;Episode 3
994;4371;91 Days;113;Episode 4
995;4371;91 Days;113;Episode 5
996;4371;91 Days;113;Episode 6
997;4371;91 Days;113;Episode 7
998;4371;91 Days;113;Episode 8
999;4371;91 Days;113;Episode 9
1000;4371;91 Days;113;Episode 10
1001;4371;91 Days;113;Episode 11
1002;4371;91 Days;113;Episode 12
1003;4371;91 Days;113;Episode 990
1004;4370;Alderamin on the Sky;114;Episode 1
1005;4370;Alderamin on the Sky;114;Episode 2
1006;4370;Alderamin on the Sky;114;Episode 3
1007;4370;Alderamin on the Sky;114;Episode 4
1008;4370;Alderamin on the Sky;114;Episode 5
1009;4370;Alderamin on the Sky;114;Episode 6
1010;4370;Alderamin on the Sky;114;Episode 7
1011;4370;Alderamin on the Sky;114;Episode 8
1012;4370;Alderamin on the Sky;114;Episode 9
1013;4370;Alderamin on the Sky;114;Episode 10
1014;4370;Alderamin on the Sky;114;Episode 11
1015;4370;Alderamin on the Sky;114;Episode 12
1016;4370;Alderamin on the Sky;114;Episode 13
1017;4369;Binan Koukou Chikyuu Bouei-bu LOVE! LOVE!;115;Episode 1
1018;4369;Binan Koukou Chikyuu Bouei-bu LOVE! LOVE!;115;Episode 2
1019;4369;Binan Koukou Chikyuu Bouei-bu LOVE! LOVE!;115;Episode 3
1020;4369;Binan Koukou Chikyuu Bouei-bu LOVE! LOVE!;115;Episode 4
1021;4369;Binan Koukou Chikyuu Bouei-bu LOVE! LOVE!;115;Episode 5
1022;4369;Binan Koukou Chikyuu Bouei-bu LOVE! LOVE!;115;Episode 6
1023;4369;Binan Koukou Chikyuu Bouei-bu LOVE! LOVE!;115;Episode 7
1024;4369;Binan Koukou Chikyuu Bouei-bu LOVE! LOVE!;115;Episode 8
1025;4369;Binan Koukou Chikyuu Bouei-bu LOVE! LOVE!;115;Episode 9
1026;4369;Binan Koukou Chikyuu Bouei-bu LOVE! LOVE!;115;Episode 10
1027;4369;Binan Koukou Chikyuu Bouei-bu LOVE! LOVE!;115;Episode 11
1028;4369;Binan Koukou Chikyuu Bouei-bu LOVE! LOVE!;115;Episode 12
1029;4368;Ozmafia!!;116;Episode 1
1030;4368;Ozmafia!!;116;Episode 2
1031;4368;Ozmafia!!;116;Episode 3
1032;4368;Ozmafia!!;116;Episode 4
1033;4368;Ozmafia!!;116;Episode 5
1034;4368;Ozmafia!!;116;Episode 6
1035;4368;Ozmafia!!;116;Episode 7
1036;4368;Ozmafia!!;116;Episode 8
1037;4368;Ozmafia!!;116;Episode 9
1038;4368;Ozmafia!!;116;Episode 10
1039;4368;Ozmafia!!;116;Episode 11
1040;4368;Ozmafia!!;116;Episode 12
1041;4365;Fate/Kaleid Liner Prisma Illya 3rei!!;117;Episode 1
1042;4365;Fate/Kaleid Liner Prisma Illya 3rei!!;117;Episode 2
1043;4365;Fate/Kaleid Liner Prisma Illya 3rei!!;117;Episode 3
1044;4365;Fate/Kaleid Liner Prisma Illya 3rei!!;117;Episode 4
1045;4365;Fate/Kaleid Liner Prisma Illya 3rei!!;117;Episode 5
1046;4365;Fate/Kaleid Liner Prisma Illya 3rei!!;117;Episode 6
1047;4365;Fate/Kaleid Liner Prisma Illya 3rei!!;117;Episode 7
1048;4365;Fate/Kaleid Liner Prisma Illya 3rei!!;117;Episode 8
1049;4365;Fate/Kaleid Liner Prisma Illya 3rei!!;117;Episode 9
1050;4365;Fate/Kaleid Liner Prisma Illya 3rei!!;117;Episode 10
1051;4365;Fate/Kaleid Liner Prisma Illya 3rei!!;117;Episode 11
1052;4365;Fate/Kaleid Liner Prisma Illya 3rei!!;117;Episode 12
1053;4364;Tales of Symphonia: The United World;118;OAV 1
1054;4364;Tales of Symphonia: The United World;118;OAV 2
1055;4364;Tales of Symphonia: The United World;118;OAV 3
1056;4363;Masou Gakuen HxH Non Censuré;119;Episode 1
1057;4363;Masou Gakuen HxH Non Censuré;119;Episode 2
1058;4363;Masou Gakuen HxH Non Censuré;119;Episode 3
1059;4363;Masou Gakuen HxH Non Censuré;119;Episode 4
1060;4363;Masou Gakuen HxH Non Censuré;119;Episode 5
1061;4363;Masou Gakuen HxH Non Censuré;119;Episode 6
1062;4363;Masou Gakuen HxH Non Censuré;119;Episode 7
1063;4363;Masou Gakuen HxH Non Censuré;119;Episode 8
1064;4363;Masou Gakuen HxH Non Censuré;119;Episode 9
1065;4363;Masou Gakuen HxH Non Censuré;119;Episode 10
1066;4363;Masou Gakuen HxH Non Censuré;119;Episode 11
1067;4363;Masou Gakuen HxH Non Censuré;119;Episode 12
1068;4363;Masou Gakuen HxH Non Censuré;119;Episode 12
1069;4362;Masou Gakuen HxH;120;Episode 1
1070;4362;Masou Gakuen HxH;120;Episode 2
1071;4362;Masou Gakuen HxH;120;Episode 3
1072;4362;Masou Gakuen HxH;120;Episode 4
1073;4362;Masou Gakuen HxH;120;Episode 5
1074;4362;Masou Gakuen HxH;120;Episode 6
1075;4362;Masou Gakuen HxH;120;Episode 7
1076;4362;Masou Gakuen HxH;120;Episode 8
1077;4362;Masou Gakuen HxH;120;Episode 9
1078;4362;Masou Gakuen HxH;120;Episode 10
1079;4362;Masou Gakuen HxH;120;Episode 11
1080;4362;Masou Gakuen HxH;120;Episode 12
1081;4361;New Game!;121;Episode 1
1082;4361;New Game!;121;Episode 2
1083;4361;New Game!;121;Episode 3
1084;4361;New Game!;121;Episode 4
1085;4361;New Game!;121;Episode 5
1086;4361;New Game!;121;Episode 6
1087;4361;New Game!;121;Episode 7
1088;4361;New Game!;121;Episode 8
1089;4361;New Game!;121;Episode 9
1090;4361;New Game!;121;Episode 10
1091;4361;New Game!;121;Episode 11
1092;4361;New Game!;121;Episode 12
1093;4360;Fudanshi Koukou Seikatsu;122;Episode 1
1094;4360;Fudanshi Koukou Seikatsu;122;Episode 2
1095;4360;Fudanshi Koukou Seikatsu;122;Episode 3
1096;4360;Fudanshi Koukou Seikatsu;122;Episode 4
1097;4360;Fudanshi Koukou Seikatsu;122;Episode 5
1098;4360;Fudanshi Koukou Seikatsu;122;Episode 6
1099;4360;Fudanshi Koukou Seikatsu;122;Episode 7
1100;4360;Fudanshi Koukou Seikatsu;122;Episode 8
1101;4360;Fudanshi Koukou Seikatsu;122;Episode 9
1102;4360;Fudanshi Koukou Seikatsu;122;Episode 10
1103;4360;Fudanshi Koukou Seikatsu;122;Episode 11
1104;4360;Fudanshi Koukou Seikatsu;122;Episode 12
1105;4359;Taboo-Tattoo;123;Episode 1
1106;4359;Taboo-Tattoo;123;Episode 2
1107;4359;Taboo-Tattoo;123;Episode 3
1108;4359;Taboo-Tattoo;123;Episode 4
1109;4359;Taboo-Tattoo;123;Episode 5
1110;4359;Taboo-Tattoo;123;Episode 6
1111;4359;Taboo-Tattoo;123;Episode 7
1112;4359;Taboo-Tattoo;123;Episode 8
1113;4359;Taboo-Tattoo;123;Episode 9
1114;4359;Taboo-Tattoo;123;Episode 10
1115;4359;Taboo-Tattoo;123;Episode 11
1116;4359;Taboo-Tattoo;123;Episode 12
1117;4358;Amaama to Inazuma;124;Episode 1
1118;4358;Amaama to Inazuma;124;Episode 2
1119;4358;Amaama to Inazuma;124;Episode 3
1120;4358;Amaama to Inazuma;124;Episode 4
1121;4358;Amaama to Inazuma;124;Episode 5
1122;4358;Amaama to Inazuma;124;Episode 6
1123;4358;Amaama to Inazuma;124;Episode 7
1124;4358;Amaama to Inazuma;124;Episode 8
1125;4358;Amaama to Inazuma;124;Episode 9
1126;4358;Amaama to Inazuma;124;Episode 10
1127;4358;Amaama to Inazuma;124;Episode 11
1128;4358;Amaama to Inazuma;124;Episode 12
1129;4357;Fukigen na Mononokean;125;Episode 1
1130;4357;Fukigen na Mononokean;125;Episode 2
1131;4357;Fukigen na Mononokean;125;Episode 3
1132;4357;Fukigen na Mononokean;125;Episode 4
1133;4357;Fukigen na Mononokean;125;Episode 5
1134;4357;Fukigen na Mononokean;125;Episode 6
1135;4357;Fukigen na Mononokean;125;Episode 7
1136;4357;Fukigen na Mononokean;125;Episode 8
1137;4357;Fukigen na Mononokean;125;Episode 9
1138;4357;Fukigen na Mononokean;125;Episode 10
1139;4357;Fukigen na Mononokean;125;Episode 11
1140;4357;Fukigen na Mononokean;125;Episode 12
1141;4357;Fukigen na Mononokean;125;Episode 13
