ROW_ID;ID;TITLE;ALT TITLE;RLS DATE;DURATION (MIN);CATEGORIES;NB_EPISODES;DESCRIPTION;IMAGE;KEYWORDS
1;4488;Juuza Engi : Engetsu Sangokuden;ND;En cours;1;;ND;L’histoire se déroule à l’époque Sangokushi où les royaumes combattent en Chine. Nous suivons la vie quotidienne de la jeune Kanu, issue du peuple des chats que l'on surnomme les Juuza (13e signe du Zodiaque). Considérés comme une race inférieure, les Juuza vivent en solitaire, loin des humains. Cependant, tout bascule quand la fin de la dynastie des Han se rapproche et que la guerre touche le peuple des chats…;https://str01-m.dpstream.media/a/4488/juuza_engi_engetsu_sangokuden_-_gaiden_youzhou_genya_4005-1479903084.jpg;Manga Juuza Engi : Engetsu Sangokuden streaming, Manga Juuza Engi : Engetsu Sangokuden dpstream, Manga Juuza Engi : Engetsu Sangokuden HD, Juuza Engi : Engetsu Sangokuden streaming VF
2;4487;Hagane Orchestra;ND;En cours;12;;12;Basé sur le jeu du même nom développé par Hanbit Ubiquitous Entertainment. Le jeu devrait sortir durant la diffusion de la série animée.;https://str01-m.dpstream.media/a/4487/hagane_orchestra_5898-1479902886.jpg;Manga Hagane Orchestra streaming, Manga Hagane Orchestra dpstream, Manga Hagane Orchestra HD, Hagane Orchestra streaming VF
3;4486;Sword Art Online II;ND;En cours;24;;24;"Titre alternatif : SAO II / Sword Art Online : Phantom Bullet

Sword Art Online II est la seconde saison de l’anime Sword Art Online.
Cette seconde saison est centrée sur les volumes 5 et 6 du light novel de Kawahara Reki et adapte donc l’arc « Phantom Bullet ».
L’histoire de cette nouvelle saison prend place un an après les évènements de ALO (ALfheim Online).

Suite à sa victoire fortuite face à Sugou Nobuyuki (le maitre de ALO), Kirito est retourné à sa paisible vie de lycéen.
Il n’aspire désormais qu’à une seule chose : profiter pleinement de sa vie.
Mais une nouvelle fois, le devoir le rappelle à l’ordre…

En effet, suite aux morts de plusieurs joueurs de Gun Gale Online (un jeu de tir massivement multi-joueurs), le Ministère des Affaires intérieures et des Communications japonais a pris la ferme résolution de retrouver l’assassin des victimes.

Afin d’identifier ce meurtrier, il sollicite l’aide de Kirito et l’envoie enquêter dans le monde de Gun Gale Online.

Envoyé malgré lui dans cet univers fantaisiste où se mêle gun fights et action, Kirito n’aura d’autres choix que de débusquer ce mystérieux assassin qui se fait appeler Death Gun et qui visiblement, posséderait la faculté de pouvoir tuer les joueurs dans la réalité.

La saison 2 adapte également les arcs Caliber et Mother's Rosario.";https://str01-m.dpstream.media/a/4486/sword_art_online_ii_3004-1479557255.jpg;Manga  Sword Art Online II streaming, Manga  Sword Art Online II dpstream, Manga  Sword Art Online II HD,  Sword Art Online II streaming VF
4;4485;Sword Art Online;ND;En cours;25;;25;"Cette série raconte les aventures de Kirito qui se retrouve piégé dans un jeu massivement multi-joueurs, Sword Art Online.

En 2022, l’humanité a réussi à créer une réalité virtuelle. Grâce à un casque, les humains peuvent se plonger entièrement dans le monde virtuel en étant comme déconnectés de la réalité, et Sword Art Online est le premier MMORPG a utiliser ce système. Mais voila que le premier jour de jeu, 10 000 personnes se retrouvent piégées dans cette réalité virtuelle par son créateur : Akihiko Kayaba. Le seul moyen d’en sortir est de finir le jeu. Mais ce ne sera pas facile de sortir de ce monde virtuel puisque si un joueur perd la partie, il meurt également dans la vraie vie.

Kirito décide alors de partir à la conquête du jeu en solo, avec pour avantage le fait de faire partie des 1 000 ex-bêta-testeurs, mais arrivera-t-il à terminer les 99 donjons et leurs boss ?";https://str01-m.dpstream.media/a/4485/sword_art_online_2234-1479557165.jpg;Manga Sword Art Online streaming, Manga Sword Art Online dpstream, Manga Sword Art Online HD, Sword Art Online streaming VF
5;4484;Black Butler 2;ND;En cours;12;;12;"Titre alternatif : Black Butler II / Kuroshitsuji 2

Kuroshitsuji II est la deuxième saison de la série Kuroshitsuji.

Deux nouveaux personnages s'ajoute en compagnie de Ciel Phantomhive et Sebastian Michaelis.
Alois Trancy, jeune noble et Claude Faustus, Majordome des Enfers.
On découvre aussi une mystérieuse soubrette du nom d'Hannah accompagné par trois domestiques du nom de Timber, Thompson et Cantebury à la ressemblances plus que flagrante, si ce n'est que leurs coupes de cheveux qui diffèrent quelques peu.

L'histoire se déroulera à la même période que la précédente série, c'est-à-dire au milieu du XIXème siècle en Angleterre mais aura une histoire quelque peu différente de la première saison. Celle-ci opposant les deux nobles (Ciel et Alois) et leurs majordomes (Sebastian et Claude).

Au centre de cette histoire, le lien maudit qui unis le jeune noble au majordome perdurent encore et toujours. Car il se pourrait que ce lien soit semblable à celui qui unit Ciel à Sebastian...";https://str01-m.dpstream.media/a/4484/kuroshitsuji_ii_1768-1479297657.jpg;Manga Black Butler 2 streaming, Manga Black Butler 2 dpstream, Manga Black Butler 2 HD, Black Butler 2 streaming VF
6;4483;Black Butler;ND;En cours;24;;24;"Titre alternatif : Kuro Shitsuji / Kuroshitsuzi

À la deuxième moitié du XIXème siècle, à l'époque Victorienne, à Londres, un jeune maître de douze ans, nommé Ciel Phantomhive, dirige la famille la plus noble et la plus redoutée de toute l'Angleterre.

La raison d'une telle réussite en affaire à un âge aussi jeune ? Son talentueux majordome, Sebastian Michaelis. Ce qui peut être impossible pour un homme normal, ne l'est pas pour ce majordome, et comme il le dit souvent, 'Je ne suis qu'un diable de Majordome'.
Sebastian cache donc un grand secret, couvert par un contrat entre lui et son jeune maître.";https://str01-m.dpstream.media/a/4483/kuroshitsuji_926-1479297540.jpg;Manga Black Butler streaming, Manga Black Butler dpstream, Manga Black Butler HD, Black Butler streaming VF
7;4482;Accel World Infinite ∞ Burst. (Film);ND;En cours;1;;1;"Titre alternatif : Accel World Unlimited ∞ Burst / Accel World : Infinite Burst

Accel World Infinite ∞ Burst n'est pas une suite d'Accel World. Il s'agira d'une histoire originale rédigée par Reki Kawahara pour l'occasion.

On y retrouvera toutefois des personnages de la série originale tels que Haruyuki, Kuroyukihime, Chiyuri et Takumu.";https://str01-m.dpstream.media/a/4482/accel_world_infinite_burst_4858-1479297356.jpg;Manga Accel World Infinite ∞ Burst. (Film) streaming, Manga Accel World Infinite ∞ Burst. (Film) dpstream, Manga Accel World Infinite ∞ Burst. (Film) HD, Accel World Infinite ∞ Burst. (Film) streaming VF
8;4481;Ame-iro Cocoa 3rd Season;ND;En cours;2 min;;ND;Troisième saison de l'anime Ame-iro Cocoa.;https://str01-m.dpstream.media/a/4481/index-1479297228.jpg;Manga  Ame-iro Cocoa 3rd Season streaming, Manga  Ame-iro Cocoa 3rd Season dpstream, Manga  Ame-iro Cocoa 3rd Season HD,  Ame-iro Cocoa 3rd Season streaming VF
9;4480;Haikyuu !!;ND;En cours;25;;25;"Titre alternatif : Haikyuu !! / Haikyû !!

Shôyô Hinata, surnommé Shô, aime plus que tout jouer au volley-ball et ce, malgré sa petite taille. Malheureusement, suite à une sévère défaite, son club de collège a été dissous, tous les membres étant partis.
Mais Shô est bien décidé à jouer de nouveau et choisit son futur lycée en fonction de son ambition. Il intègre donc le lycée Karasuno, où a joué son idole, le Petit Géant, tout en espérant faire aussi bien que lui.";https://str01-m.dpstream.media/a/4480/haikyu_2935-1478697059.jpg;Manga Haikyuu !! streaming, Manga Haikyuu !! dpstream, Manga Haikyuu !! HD, Haikyuu !! streaming VF
10;4479;Aggressive Retsuko;ND;En cours;1 min;;ND;"Courts épisodes sur la mascotte de Sanrio: Retsuko

Retsuko, une femelle panda roux de 25 ans, travaille dans la compagnie de ses rêves, dans le département de comptabilité. Mais son supérieur et ses collègues la surchargent de travail. Pour déstresser, elle se rends au karaoke pour chanter du death metal.";https://str01-m.dpstream.media/a/4479/index-1478696661.jpg;Manga Aggressive Retsuko streaming, Manga Aggressive Retsuko dpstream, Manga Aggressive Retsuko HD, Aggressive Retsuko streaming VF
11;4478;Aria the Origination;ND;En cours;13;;13;"Année 2301.
L'homme a terra formé Mars en une planète vivable, recouverte principalement d'eau et baptisée 'Aqua'. Sur Aqua, a été construit Neo-Venezia, une réplique exacte de l'ancienne Venise, de beaux canaux, des palais, des places, etc... Akari Mizunashi, une jeune fille de 15 ans, venant de Man-Home (anciennement connu sous le nom de Terre), arrive à Neo-Venezia pour devenir une ondines (filles faisant visiter la ville ou servant de taxi sur des gondoles) chez ARIA Company. La société est dirigée par Aria Pokoteng, un chat martien et Alicia Florence, l'une des trois meilleures gondolieres, également connu sous le nom des <<trois Fées de l'eau>> (et aussi la seule ondine de Aria Company). Malgré la dure formation, Akari aspire à devenir elle aussi une de ses Fées de l'eau. Beaucoup de rencontres et d'aventures attendent Akari dans son ascension pour devenir Prima.
Le thème de la troisième saison est, comme son nom l'indique, le début de la série.";https://str01-m.dpstream.media/a/4478/aria_the_origination_625-1478696528.jpg;Manga Aria the Origination streaming, Manga Aria the Origination dpstream, Manga Aria the Origination HD, Aria the Origination streaming VF
12;4477;Idol Memories;ND;En cours;14 min;;ND;Dans un futur proche où les représentations d'idols en réalité virtuelle sont devenue banales, deux groupes d'idols rivaux rivalisent pour le tant désiré 'tiara', qui représente les numéros 1 de l''Idol League'.;https://str01-m.dpstream.media/a/4477/idol_memories_5668-1478460116.jpg;Manga Idol Memories streaming, Manga Idol Memories dpstream, Manga Idol Memories HD, Idol Memories streaming VF
13;4476;Honobono Log;Fukamachi Naka Gashū Honobono Log ~Taisetsu na Kimi e~;En cours;10;;10;"Titre alternatif : Heartwarming Log ~To Precious You / Fukamachi Naka Gashuu Honobono Log ~Taisetsu na Kimi e~/Naka Fukamachi Art Collection: Heartwarming Log ~To Precious You

Adaptation d'un livre d'image de Naka Fukamachi sortit en 2014 au Japon. A savoir qu'un deuxième nommé Honobono Log II ~Taisetsu na Kimi to~ est prévu mi-juillet.

Ce livre narre le quotidien de plusieurs familles.";https://str01-m.dpstream.media/a/4476/index-1478459555.jpg;Manga Honobono Log streaming, Manga Honobono Log dpstream, Manga Honobono Log HD, Honobono Log streaming VF
14;4475;Classicaloid;ND;En cours;24 min;;ND;Kanae et Sousuke sont deux lycéens vivant dans une petite ville qui essaye, tant bien que mal, de sortir du lot. Pour cela, des Classicaloids, des robots humanoïdes qui savent jouer de la musique, à l’effigies de Mozart et Beethoven font leur apparition. Mais contre toute attente, leur 'musik' fait apparaître d'autres robots géants, créant ainsi une grosse pagaille dans la ville ! Mais le problème est loin d'être réglé puisque d'autres Classicaloids feront leur apparition...;https://str01-m.dpstream.media/a/4475/classicaloid_4535-1477758040.jpg;Manga Classicaloid streaming, Manga Classicaloid dpstream, Manga Classicaloid HD, Classicaloid streaming VF
15;4473;RWBY S4;RWBY Volume 4;En cours;20 min;;ND;Saison 4 de RWBY;https://str01-m.dpstream.media/a/4473/images-1477757741.jpg;Manga RWBY S4 streaming, Manga RWBY S4 dpstream, Manga RWBY S4 HD, RWBY S4 streaming VF
16;4472;RWBY S3;RWBY Volume 3;En cours;12;;12;Saison 3 de RWBY;https://str01-m.dpstream.media/a/4472/s3-1477757522.jpg;Manga RWBY S3 streaming, Manga RWBY S3 dpstream, Manga RWBY S3 HD, RWBY S3 streaming VF
17;4471;RWBY S2;RWBY Volume 2;En cours;12;;12;Saison 2 de RWBY;https://str01-m.dpstream.media/a/4471/index-1477757286.jpg;Manga RWBY S2 streaming, Manga RWBY S2 dpstream, Manga RWBY S2 HD, RWBY S2 streaming VF
18;4470;RWBY S1;RWBY Volume 1;En cours;16;;16;L’histoire met en scène un groupe de quatre jeunes filles au sein d’une académie très spéciale. En effet, Ruby Rose, Weiss Schnee, Blake Belladonna et Yang Xiao Long apprennent à chasser des monstres surnommés les créatures de Grimm. Depuis la chute de Beacon, le monde de Remnant n'est pas pour autant apaisé. Des vies ont été perdues, la tension est encore palpable et même les membres de l'équipe RWBY sont divisées quant à l'attitude à adopter. Chacune de nos héroïnes part en voyage. Certaines cherchent à retrouver la paix intérieure, quand d'autres ont besoin de trouver des réponses au cours de leurs aventures. Avec d'autres membres de l'équipe JNPR, Ruby Rose a pris le chemin du royaume de Mistral. Ce périple sera semé d'embûches et de rencontres, amies ou ennemies, tandis qu'approche une menace encore plus grande…;https://str01-m.dpstream.media/a/4470/images-1477757034.jpg;Manga RWBY S1 streaming, Manga RWBY S1 dpstream, Manga RWBY S1 HD, RWBY S1 streaming VF
19;4469;Drifters (OAV);ND;En cours;1;;ND;Il s'agit d'une version éditée non finalisé des deux premiers épisodes de la série TV.;https://str01-m.dpstream.media/a/4469/drifters_oav_5448-1477670163.jpg;Manga Drifters (OAV) streaming, Manga Drifters (OAV) dpstream, Manga Drifters (OAV) HD, Drifters (OAV) streaming VF
20;4468;Evangelion: 3.0 You Can (Not) Redo;ND;En cours;1;;1;14 ans se sont écoulés depuis la fin du second film, Asuka est chargée, en compagnie de Mari, de récupérer le Tesseract dans lequel est scellé l'Eva 01, lorsqu'elle est interceptée par le système d'autodéfense chargé d'empêcher quiconque de récupérer l'Eva 01, et sera sauvée par celle-ci. De retour de l'intérieur de l'Eva, Shinji se rend compte que beaucoup de choses ont changé, il est désormais considéré comme un criminel, retenu prisonnier par ses anciens amis de la Nerv qui forment désormais l'organisation Wille dont le but officieux est de détruire la Nerv et d'empêcher de nouveaux impacts. Ne retrouvant pas Ayanami, Shinji apprend qu'elle a disparu avant d'être secouru par une nouvelle Ayanami et l'Evangelion Mark-09. De retour au QG de la Nerv, il est accueilli par son père qui lui ordonne de piloter l'Eva 13 en compagnie d'un copilote : Kaworu Nagisa. Au cours de son errance, Shinji apprendra le résultat de ses actions, la vérité sur sa mère et sur Ayanami. C'est le moment que choisira Kaworu pour lui présenter son plan pour annuler le troisième impact, mais qui finalement mènera à la catastrophe du quatrième impact.;https://str01-m.dpstream.media/a/4468/index-1477669458.jpg;Manga Evangelion: 3.0 You Can (Not) Redo streaming, Manga Evangelion: 3.0 You Can (Not) Redo dpstream, Manga Evangelion: 3.0 You Can (Not) Redo HD, Evangelion: 3.0 You Can (Not) Redo streaming VF
21;4467;Kubikiri Cycle : Aoiro Savant to Zaregoto Tsukai;ND;En cours;8;;ND;"Titre alternatif : Zaregoto Series

L'histoire se déroule sur l'île de Wet Crow’s Feather, où vit Iria Akagami, héritière d'une puissante famille. La jeune fille a été exilée sur l'île par le dirigeant de la Fondation Akagami, et y vit en compagnie de ses domestiques et de personnalités prestigieuses qui ont répondu à ses invitations. C'est ainsi que Ii et Tomo Kunagisa se sont retrouvés sur l'île.

Mais alors que chacun profite de la vie, un terrible meurtre est commis.";https://str01-m.dpstream.media/a/4467/kubikiri_cycle_aoiro_savant_to_zaregoto_tsukai_5528-1477646050.jpg;Manga Kubikiri Cycle : Aoiro Savant to Zaregoto Tsukai streaming, Manga Kubikiri Cycle : Aoiro Savant to Zaregoto Tsukai dpstream, Manga Kubikiri Cycle : Aoiro Savant to Zaregoto Tsukai HD, Kubikiri Cycle : Aoiro Savant to Zaregoto Tsukai streaming VF
22;4465;Tokyo Ghoul √A;ND;En cours;12;;12;"Titre alternatif : Tokyo Ghoul 2nd Season / Tokyo Ghoul Root A / Tokyo Kushu 2nd Season

Saison 2 de l'anime Tokyo Ghoul.

Kaneki Ken accepte enfin son côté goule et décide d'affronter Yamori alias Jason.
Tandis que les membres de l'Antique se mêlent parmi Aogiri afin de délivrer le jeune homme, Tôka croise à nouveau le chemin de son petit frère, Ayato et décide de le combattre. Gêné par les inspecteurs du CCG, Yoshimura décide de les retarder en participant au combat.
La vérité sur la mystérieuse goule nommée 'la Chouette' va être dévoilée !";https://str01-m.dpstream.media/a/4465/tokyo_ghoul_a_3855-1477305017.jpg;Manga Tokyo Ghoul √A streaming, Manga Tokyo Ghoul √A dpstream, Manga Tokyo Ghoul √A HD, Tokyo Ghoul √A streaming VF
23;4464;Tokyo Ghoul;ND;En cours;12;;12;"Titre alternatif : Tokyo Kushu

L'histoire se déroule dans un Tokyo moderne mais hanté par de mystérieuses 'goules' dévorant les humains. La peur et le chaos règnent sur la ville mais certaines personnes tentent malgré tout d'avoir une vie 'normale'.
C'est notamment le cas de Ken Kaneki, un étudiant de 18 ans. Mais, un jour, il est attaqué par une goule et manque d'y laisser sa peau. Sauvé de justesse, il survit grâce aux organes de la goule, greffés à la place de ceux qu'elle avait détruit en l'attaquant. Le jeune homme est désormais un hybride et va vivre un véritable enfer .";https://str01-m.dpstream.media/a/4464/tokyo_ghoul_3182-1477304909.jpg;Manga Tokyo Ghoul streaming, Manga Tokyo Ghoul dpstream, Manga Tokyo Ghoul HD, Tokyo Ghoul streaming VF
24;4463;Luger Code 1951;ND;En cours;1;;ND;"Adapté de l'histoire nommée Luger Code 1951 de Ryōto Hagi. Cette histoire a gagné le concours Shonen Jump+ x Animax Anime Scenario Award. Une version diffusée sur internet sort le 14 octobre.

L'histoire suit un jeune professeur capable de déchiffrer et de comprendre n'importe quelle langue.

Un jour, on lui demande de déchiffrer le code utilisé pour la communication sans fil nommée : Luger Code (le Code de Luger). Ce code a été développé par une espèce ennemie de l'humanité qu'on nomme lycanthrope, plus connu sous le nom de loup-garou.

Mais, vu qu'il ne comprend pas le code, ce professeur entreprend un voyage pour capturer un loup-garou vivant. Ainsi, il le forcera à l'aider à déchiffrer ce code.";https://str01-m.dpstream.media/a/4463/81651-1477251632.jpg;Manga Luger Code 1951 streaming, Manga Luger Code 1951 dpstream, Manga Luger Code 1951 HD, Luger Code 1951 streaming VF
25;4462;Owari no Seraph;ND;En cours;12;;12;"Titre alternatif : Seraph of the End : Vampire Reign

Owari no Seraph est adapté du manga du même nom.

Un jour, un mystérieux virus décime chaque humain de plus de 13 ans. Au même moment, les vampires ont émergés et asservis les enfants, seuls survivants de l’épidémie.
L’histoire nous entraîne au côté de Yûichirô Hyakuya, un esclave chargé de donner son sang à des aristocrates.
Ayant perdu son frère lors de son évasion, Yûichirô se promet de tuer tous les vampires, et pour cela, il rejoint la résistance pour délivrer les esclaves.";https://str01-m.dpstream.media/a/4462/owari_no_seraph_3688-1477226060.jpg;Manga Owari no Seraph streaming, Manga Owari no Seraph dpstream, Manga Owari no Seraph HD, Owari no Seraph streaming VF
26;4461;Show By Rock Short;ND;En cours;12;;12;"Titre alternatif : SB69A Short

Courts épisodes qui présenteront chaque semaine un groupe de musique différent ainsi que ses membres.";https://str01-m.dpstream.media/a/4461/show_by_rock_short_5235-1477225631.jpg;Manga Show By Rock Short streaming, Manga Show By Rock Short dpstream, Manga Show By Rock Short HD, Show By Rock Short streaming VF
27;4460;Show By Rock!! 2;ND;En cours;24 min;;ND;"Il s'agit de la seconde saison de Show by Rock!!

Saison 1 : http://www.dpstream.net/anime-4186-show-by-rock.html";https://str01-m.dpstream.media/a/4460/show_by_rock_5230-1477225521.jpg;Manga Show By Rock!! 2 streaming, Manga Show By Rock!! 2 dpstream, Manga Show By Rock!! 2 HD, Show By Rock!! 2 streaming VF
28;4459;Time Travel Shoujo : Mari Waka to 8-nin no Kagakusha-tachi;Time Travel Shōjo ~Mari Waka to 8-nin no Kagakusha-tachi;En cours;12;;12;"Titre alternatif : Time Travel Girl: Mari, Waka, and the 8 Scientists / MariWaka / Time Travel Girl TV

L'histoire nous entraine aux côtés de Mari Hayase, Waka Mizuki et de leurs amis. Il narre leur rencontre avec 8 célèbres scientifiques du passé.";https://str01-m.dpstream.media/a/4459/time_travel_shoujo_mari_waka_to_8-nin_no_kagakusha-tachi_5568-1477224774.jpg;Manga Time Travel Shoujo : Mari Waka to 8-nin no Kagakusha-tachi streaming, Manga Time Travel Shoujo : Mari Waka to 8-nin no Kagakusha-tachi dpstream, Manga Time Travel Shoujo : Mari Waka to 8-nin no Kagakusha-tachi HD, Time Travel Shoujo : Mari Waka to 8-nin no Kagakusha-tachi streaming VF
29;4458;Anitore! EX;ND;En cours;12;;12;"Titre alternatif : Anime de Training! EX / Training Through Anime! EX/Ani Tore! EX

Il s'agit d'un projet original créé par le studio Rising Force.

Nous suivons l'histoire de cinq filles qui désirent devenir des idols, cependant rien n'arrive sans travail dans ce monde, et le travail d'idol passe par un entrainement des plus compliqués, comme la danse, le yoga, le Tai Chi.

Saison 2 : http://www.dpstream.net/anime-4418-anitore-xx.html";https://str01-m.dpstream.media/a/4458/index-1477224603.jpg;Manga Anitore! EX streaming, Manga Anitore! EX dpstream, Manga Anitore! EX HD, Anitore! EX streaming VF
30;4457;Zutto Mae Kara Suki Deshita. (Film);Zutto Mae Kara Suki Deshita. ~Kokuhaku Jikkō Iinkai~;En cours;1;;1;"Titre alternatif : I want to let you know that I love you. / Confession Executive Committee ~Love Series~ / Kokuhaku Jikkou Iinkai : Renai Series/I've Always Liked You

Il s'agit de l'adaptation du projet Vocaloid crée par HoneyWorks. Composé et crée par HoneyWorks en 2012, il s'agit d'une musique qui mélange parties musicales, illustrations, paroles et de quelques moments animés.

Dans cette histoire nous suivons un groupe de lycéens dans le quotidien. Autant dans leurs peines que dans leurs meilleurs moments.";https://str01-m.dpstream.media/a/4457/kokuhaku_jikkou_iinkai_renai_series_4567-1477147096.jpg;Manga Zutto Mae Kara Suki Deshita. (Film) streaming, Manga Zutto Mae Kara Suki Deshita. (Film) dpstream, Manga Zutto Mae Kara Suki Deshita. (Film) HD, Zutto Mae Kara Suki Deshita. (Film) streaming VF
31;4456;Stella no Mahou;Stella no Mahō;En cours;23 min;;ND;"Titre alternatif : Magic of Stella

On suit Tamaki Honda, une jeune lycéenne de première année qui décide de s'inscrire dans un club extra-scolaire un peu particulier : le club de 'doujin games'. Comme son nom l'indique, les membres du club créent leurs propres jeux vidéo !";https://str01-m.dpstream.media/a/4456/stella_no_mahou_5199-1477058182.jpg;Manga Stella no Mahou streaming, Manga Stella no Mahou dpstream, Manga Stella no Mahou HD, Stella no Mahou streaming VF
32;4455;Cupid's Chocolate;Ai Shen Qiao Ke Li Jin Xing Shi;En cours;15;;15;"Titre alternatif : Aishen Qiaokeli-ing...

Jiang Hao Yi, étudiant de 19 ans, fait régulièrement le même cauchemar dans lequel il se voit mourir en sautant du toit de son école. Mais ce cauchemar n'est rien face à ce qui l'attend dans la réalité.

Un jour, Xia Zi Tong, une des élèves les plus populaire de l'école, vient lui annoncer qu'elle est enceinte de lui !
Hao Yi a beau nier, personne ne le croit, et il s'attire rapidement les foudres de tous ses camarades, qui propagent l'information. Poursuivit par garçons et filles, car d'autres jeunes femmes prétendent qu'il les a trompé, il se réfugie sur le toit.";https://str01-m.dpstream.media/a/4455/cupid_s_chocolate_5173-1477058046.jpg;Manga Cupid's Chocolate streaming, Manga Cupid's Chocolate dpstream, Manga Cupid's Chocolate HD, Cupid's Chocolate streaming VF
33;4454;Shelter;ND;En cours;1;;ND;"Titre alternatif : Shelter the Animation

Il s'agit d'une animation basée sur la chanson 'Shelter' de Robinson et Madeon.

L'histoire se centre sur une jeune fille isolée dans un monde numérique. Elle n'a aucun contact avec le monde extérieur et ne dispose que d'une tablette numérique pour s'occuper. Elle va alors passer ses journées à imaginer le monde.";https://str01-m.dpstream.media/a/4454/shelter_the_animation_6164-1477057854.jpg;Manga Shelter streaming, Manga Shelter dpstream, Manga Shelter HD, Shelter streaming VF
34;4453;Onara Gorou;ND;En cours;3 min;;ND;Onara Gorou suit les aventures d'un personnage hors du commun : un pet, mais pas n'importe lequel ! Il s'agit là du « plus adorable des pets » qui arrive à résoudre les soucis de la vie de tous les jours comme seul un pet peut le faire.;https://str01-m.dpstream.media/a/4453/onara_gorou_5629-1476878557.jpg;Manga Onara Gorou streaming, Manga Onara Gorou dpstream, Manga Onara Gorou HD, Onara Gorou streaming VF
35;4452;Tiger Mask W;ND;En cours;39;;39;"Titre alternatif : Tiger Mask Double 

Il s'agit d'un projet réalisé à l'occasion des 60 ans du studio Toei Animation.

Naoto Azuma et Takuma Fujii sont deux jeunes lutteurs professionnels de 21 ans. Tous deux sont membres d'une petite équipe nommée Jipang Pro Wrestling jusqu'à ce qu'ils soient écrasés par une équipe ayant de mauvaises intentions, la Global Wrestling Monopoly. Pour se venger, les deux hommes empreintent deux chemins différents...

Azuma décide de se former au pied du Mont Fuji afin de devenir le nouveau Tiger Mask tandis que Takuma entre dans The Tiger's Hole, l'organisation qui est à l'origine du Global Wrestling Monopoly. Afin de la détruire de l'intérieur, il devient Tiger the Dark.";https://str01-m.dpstream.media/a/4452/affiche_urrmbluvtlv0fop-1476635708.jpg;Manga Tiger Mask W streaming, Manga Tiger Mask W dpstream, Manga Tiger Mask W HD, Tiger Mask W streaming VF
36;4451;Gi(a)rlish Number;ND;En cours;12;;12;"Titre alternatif : Girlish Number

Girlish Number est un projet crossmédia (anime, manga, light novel), de Wataru Watari & QP:flapper, se centrant sur la profession de seiyuu. Les trois projets sont prévus pour l'année 2016.

L'histoire suit Chitose Karasuma, une élève d'université qui a pour but de devenir une seiyuu.";https://str01-m.dpstream.media/a/4451/gi_a_rlish_number_5228-1476533721.jpg;Manga Gi(a)rlish Number streaming, Manga Gi(a)rlish Number dpstream, Manga Gi(a)rlish Number HD, Gi(a)rlish Number streaming VF
37;4450;Fune wo Amu;Fune o Amu;En cours;23 min;;ND;"Titre alternatif : Le Grand Passage / The Great Passage / To Compile A Ship

Mitsuya Majime et Masashi Nishioka sont deux hommes que tout oppose : l'un est maladroit et peu social, tandis que l'autre est plus extraverti. Ils ont toutefois un point en commun : leur travail dans le milieu de l'édition.

Un jour, ils sont tous les deux sollicités pour publier un tout nouveau dictionnaire. Un ouvrage censé marquer le millénaire sous le nom du 'Grand Passage'.";https://str01-m.dpstream.media/a/4450/fune_wo_amu_5349-1476533463.jpg;Manga Fune wo Amu streaming, Manga Fune wo Amu dpstream, Manga Fune wo Amu HD, Fune wo Amu streaming VF
38;4449;Nazotokine;ND;En cours;7 min;;ND;L'histoire nous entraine aux côtés de Amino Tokine et de Hacchin lors de résolution d'énigmes.;https://str01-m.dpstream.media/a/4449/nazotokine_5749-1476533237.jpg;Manga Nazotokine streaming, Manga Nazotokine dpstream, Manga Nazotokine HD, Nazotokine streaming VF
39;4447;Getsuyoubi no Tawawa;ND;En cours;12;;12;"Titre alternatif : Tawawa on Monday / Monday Morning Offerings

Basé sur une série d'image de Himura Kiseki postée sur Twitter.

L'histoire se centre sur un salarié qui a eu la chance de rencontrer une femme nommée Ai dans le train. Ils vont commencer à se voir chaque lundi dans le train. Ce jeune salarié va servir de garde du corps et de compagnon de bavardage à la jeune Ai.";https://str01-m.dpstream.media/a/4447/index-1476289677.jpg;Manga Getsuyoubi no Tawawa streaming, Manga Getsuyoubi no Tawawa dpstream, Manga Getsuyoubi no Tawawa HD, Getsuyoubi no Tawawa streaming VF
40;4446;Bubuki Buranki - Hoshi no Kyojin;ND;En cours;12;;12;"Titre alternatif : BBK/BRNK - Hoshi no Kyojin / BBK/BRNK 2nd season / BBK/BRNK - Giants of the Star

Grâce aux conseils d'Epizo, Azuma, Kogane, Hiiragi, Kinoa et Shizuru ont finalement atteint l'île des Buranki. Mais les choses tournent mal assez rapidement car les russes, entre autres, les ont suivis et entreprennent de faire chuter l'île sur Terre. Une catastrophe que Kaoruko semble avoir orchestrée dans l'ombre.

Saison 1 : http://www.dpstream.net/anime-4300-bubuki-buranki.html";https://str01-m.dpstream.media/a/4446/bubuki_buranki_-_hoshi_no_kyojin_5195-1476275728.jpg;Manga Bubuki Buranki - Hoshi no Kyojin streaming, Manga Bubuki Buranki - Hoshi no Kyojin dpstream, Manga Bubuki Buranki - Hoshi no Kyojin HD, Bubuki Buranki - Hoshi no Kyojin streaming VF
41;4445;Soul Buster;ND;En cours;12;;12;"Basé sur le manhua Soul Buster.

L'histoire nous entraîne dans le quotidien d'un jeune homme qui va découvrir un jeu de carte étrange. En effet, les différents duels de 'carte' ressemblent à des vrais batailles.

Ces cartes permettent d'invoquer des héros provenant de l'époque chinoise des Trois Royaumes (220-280). Ce jeu aux allures inoffensives met la vie des joueurs en grand danger.";https://str01-m.dpstream.media/a/4445/2d1559bc96e45c0205462bdc86539e951475834693_full-1476084521.jpg;Manga Soul Buster streaming, Manga Soul Buster dpstream, Manga Soul Buster HD, Soul Buster streaming VF
42;4444;"Steins;Gate Fuka Ryouiki no Déjà-vu (Film)";"Gekijôban Steins;Gate Fuka Ryōiki no Déjà vu";En cours;1;;1;"Titre alternatif : Steins Gate Movie / Steins;Gate Fuka Ryōiki no Déjà-vu

Après un an passé en Amérique, Kurisu est de retour à Akihabara. Elle et Okabe se retrouvent enfin.
Malheureusement, peu après leurs retrouvailles, Okabe commence à voir des images des autres lignes d'univers et finit par disparaître. Tiraillée entre son âme de scientifique et ses sentiments, Kurisu doit faire le choix entre ne pas remonter dans le temps comme celui-ci le lui a demandé, ou tenter de le sauver malgré les conséquences que cela pourra entraîner sur le monde.";https://str01-m.dpstream.media/a/4444/steins_gate_fuka_ry_iki_no_deja-vu_2463-1476035372.jpg;"Manga Steins;Gate Fuka Ryouiki no Déjà-vu (Film) streaming, Manga Steins;Gate Fuka Ryouiki no Déjà-vu (Film) dpstream, Manga Steins;Gate Fuka Ryouiki no Déjà-vu (Film) HD, Steins;Gate Fuka Ryouiki no Déjà-vu (Film) streaming VF"
43;4443;Udon no Kuni no Kiniro Kemari;ND;En cours;12;;12;"Adapté du manga Udon no Kuni no Kiniro Kemari de Shinomaru Nodoka.

Un jour, Souta Tawara, web designer vivant dans la grande ville de Tokyo, se rend dans le restaurant d'Udon de ses parents. Il y rencontre un étrange petit garçon se nommant Poko et se trouvant être une créature venant du royaume de l'Udon.

Ce petit être énergétique va apporter un peu de bonheur dans la vie monotone de Souta";https://str01-m.dpstream.media/a/4443/udon_no_kuni_no_kiniro_kemari_5256-1476026020.jpg;Manga Udon no Kuni no Kiniro Kemari streaming, Manga Udon no Kuni no Kiniro Kemari dpstream, Manga Udon no Kuni no Kiniro Kemari HD, Udon no Kuni no Kiniro Kemari streaming VF
44;4442;Long Riders!;ND;En cours;24 min;;ND;Ami Kurata, étudiante tout à fait normale, décide de s'acheter un vélo pliant après avoir aperçu quelqu'un en faire. Elle forme un groupe d'initiés nommé Fortuna avec d'autres filles de sa fac. Leur but est simple : participer à des évènements sportifs !;https://str01-m.dpstream.media/a/4442/longriders_5030-1476017469.jpg;Manga Long Riders! streaming, Manga Long Riders! dpstream, Manga Long Riders! HD, Long Riders! streaming VF
45;4441;Uta no☆Prince-sama♪ Maji LOVE Legend Star;ND;En cours;13;;13;"Titre alternatif : Uta No Prince Sama : Maji LOVE Legend Star

Quatrième saison et suite directe de Uta no ☆ Prince-sama ♪ Maji Love Revolutions

Nanami Haruka est une jeune fille timide qui a pour rêve de devenir un auteur-compositeur de talent. Elle est acceptée dans l'école Saotome Gakuen, une école d'élite spécialisée dans le chant afin de propulser au sommet des futurs idoles. Les cours sont enseignés par des idoles célèbres, les locaux scolaires comprennent des studios d'enregistrement et des théâtres.
L'école associe, au hasard, des paires comprenant un auteur et un interprète. Mais le destin a voulu que Haruka soit associée à 3 garçons très différents; Ittoki Otoya est optimiste et dynamique, Shinomiya Natsuki est brillant et intelligent, Hijirikawa Masato est cool et calme. Haruka est déterminée à en faire des idoles et à surmonter sa personnalité timide si elle veut atteindre son rêve.";https://str01-m.dpstream.media/a/4441/uta_no_prince-sama_maji_love_legend_star_5393-1476013557.jpg;Manga Uta no☆Prince-sama♪ Maji LOVE Legend Star streaming, Manga Uta no☆Prince-sama♪ Maji LOVE Legend Star dpstream, Manga Uta no☆Prince-sama♪ Maji LOVE Legend Star HD, Uta no☆Prince-sama♪ Maji LOVE Legend Star streaming VF
46;4440;Touken Ranbu - Hanamaru;ND;En cours;12;;12;En l'an 2205, un groupe cherche à modifier le passé. Afin de protéger l'histoire du monde, des personnes connues sous le nom de Saniwa sont présentes. Ils possèdent le pouvoir de donner vie aux objets. Les plus forts d'entre eux sont appelés Tōken Danshi. Nous suivons la vie quotidienne de certains, notamment celles de Kashū Kiyomitsu et Yamatonokami Yasusada.;https://str01-m.dpstream.media/a/4440/touken_ranbu_-_hanamaru_5369-1475955843.jpg;Manga Touken Ranbu - Hanamaru streaming, Manga Touken Ranbu - Hanamaru dpstream, Manga Touken Ranbu - Hanamaru HD, Touken Ranbu - Hanamaru streaming VF
47;4439;Sengoku Choujuu Giga ~Kou~;ND;En cours;26;;26;L’histoire des plus célèbres seigneurs de guerre du Japon de l’ère Sengoku (entre le XVe et le XVIe siècle), racontée à travers des animaux.;https://str01-m.dpstream.media/a/4439/affiche_phxsiyj3ridncis-1475942350.jpg;Manga Sengoku Choujuu Giga ~Kou~ streaming, Manga Sengoku Choujuu Giga ~Kou~ dpstream, Manga Sengoku Choujuu Giga ~Kou~ HD, Sengoku Choujuu Giga ~Kou~ streaming VF
48;4438;Ajin 2nd Season;ND;En cours;23 min;;ND;"Titre alternatif : Ajin : Demi-Human 2nd Season 

Suite à l'attaque de l'Ajin Sâto et de ses compères sur le siège de la société pharmaceutique Grant, les Ajins vivant sur le sol nippon sont désormais considérés comme une menace de première ordre par le gouvernement nippon. Kei, qui vivait paisiblement dans les montagnes, fut repéré et dénoncé par un villageois. Notre héros décide donc de prendre ses jambes à son cou, mais Tosaki Yû ainsi que la brigade Anti-Ajin sont déjà à sa recherche. Notre héros n'a donc d'autres choix que de s'allier à Kô afin d'échapper aux forces de l'ordre nippone. Fuir ou affronter Sâto ? Kei et Kô semblent avoir fait leur choix et il n'est pas question de laisser une minute de répit à l'ennemi ! Les deux jeunes Ajins ont bel et bien l'intention d'orchestrer une vendetta punitive à l'égard de Sâto et de ses sbires. De son côté, Sâto est fermement résolu à éliminer toutes les personnalités impliquées dans le trafic d'Ajin. Les dés sont lancés et le marathon infernal est sur le point de débuter... Qui de Sâto ou de Kei triomphera ?";https://str01-m.dpstream.media/a/4438/ajin_tv_2nd_season_5517-1475930968.jpg;Manga Ajin 2nd Season  streaming, Manga Ajin 2nd Season  dpstream, Manga Ajin 2nd Season  HD, Ajin 2nd Season  streaming VF
49;4436;Mobile Suit Gundam : Tekketsu no Orphans 2nd season;ND;En cours;25;;25;"Titre alternatif : Mobile Suit Gundam : Iron-Blooded Orphans 2nd season

Il s'agit de la suite direct de la première saison.

Après avoir lutté pendant des mois dans l'espace et sur Terre, les hommes de Tekkadan ont enfin accompli leur mission : Kudelia est arrivée saine et sauve sur la planète bleue et a rencontré Togonosuke Makanai. Mais alors qu'ils retournent vers Mars, ils ne se doutent pas que leur combat a été utilisé par d'autres organisations aux objectifs variés.";https://str01-m.dpstream.media/a/4436/mobile_suit_gundam_tekketsu_no_orphans_2nd_season_5388-1475927204.jpg;Manga Mobile Suit Gundam : Tekketsu no Orphans 2nd season streaming, Manga Mobile Suit Gundam : Tekketsu no Orphans 2nd season dpstream, Manga Mobile Suit Gundam : Tekketsu no Orphans 2nd season HD, Mobile Suit Gundam : Tekketsu no Orphans 2nd season streaming VF
50;4435;Soushin Shoujo Matoi;Sōshin Shōjo Matoi;En cours;12;;12;"Titre alternatif : Matoi the Sacred Slayer

L'histoire prend place en 2016, et met en scène Matoi Sumeragi, une collégienne âgée de 14 ans. Cette dernière travaille à temps partiel en tant que miko au temple de Tenman Jinjya dans la ville de Kamaya.

Un jour, sa capacité de s'unir avec des dieux pour éloigner les mauvais esprits se réveille. Avec l'aide de sa meilleure amie, Yuma Kusanagi, une fille de kannushi, elle décide de purger sa ville des mauvais esprits afin de retrouver sa vie paisible.";https://str01-m.dpstream.media/a/4435/soushin_shoujo_matoi_5713-1475921385.jpg;Manga Soushin Shoujo Matoi streaming, Manga Soushin Shoujo Matoi dpstream, Manga Soushin Shoujo Matoi HD, Soushin Shoujo Matoi streaming VF
51;4434;Flip Flappers;ND;En cours;23 min;;ND;Flip Flappers se centre sur deux adolescentes dont la rencontre va tout bouleverser. En effet, Papika et Cocona vont se retrouver dans une autre dimension se nommant 'Pure Illusion' où elles devront partir à la recherche d'un mystérieux cristal appelé 'Shard of Mimi', permettant à son détenteur de réaliser n'importe quel vœu. Alors qu'elles se retrouvent en grave danger, l'éclat de Mimi brille et permet aux deux filles de se transformer en magical girl.;https://str01-m.dpstream.media/a/4434/flip_flappers_5381-1475877106.jpg;Manga Flip Flappers streaming, Manga Flip Flappers dpstream, Manga Flip Flappers HD, Flip Flappers streaming VF
52;4433;Trickster;ND;En cours;24;;24;"Basé sur la série de roman Shounen Tanteidan de Ranpo Edogawa.

L'histoire se déroule dans les années 2030.

Un groupe de jeunes détectives résoud différentes enquêtes plus ou moins importantes. Un jour, Kensuke Hanasaki, l'un des membres, fait la rencontre de Yoshio Kobayashi, un jeune garçon immortel et suicidaire qui refuse le contact avec les autres personne de son entourage. Éprouvant un certain intérêt pour lui, Hanasaki l'invite à rejoindre son groupe de détective.

Ainsi naît la relation entre le criminel surnommé 'le démon aux vingt visages' et Kogorou Akechi, le détective de renommé.";https://str01-m.dpstream.media/a/4433/trickster_edogawa_ranpo_shounen_tanteidan_yori_5584-1475876828.jpg;Manga Trickster streaming, Manga Trickster dpstream, Manga Trickster HD, Trickster streaming VF
53;4432;Natsume Yuujinchou Go (Natsume yuujin chou S5);Natsume Yuujinchou 5th season;En cours;24 min;;ND;"Titre alternatif : Natsume's Book of Friends Five / Natsume Yuujinchou Five

Il s'agit de la cinquième saison de l'anime Natsume Yûjinchô.

Takashi Natsume a réussi à accepter son passé ainsi que son lien avec les yôkais, mais les ennuis continuent de le poursuivre et ses amis lui demandent de l'aide les uns après les autres.";https://str01-m.dpstream.media/a/4432/natsume_yuujinchou_go_5360-1475868318.jpg;Manga Natsume Yuujinchou Go (Natsume yuujin chou S5) streaming, Manga Natsume Yuujinchou Go (Natsume yuujin chou S5) dpstream, Manga Natsume Yuujinchou Go (Natsume yuujin chou S5) HD, Natsume Yuujinchou Go (Natsume yuujin chou S5) streaming VF
54;4431;Lostorage Incited WIXOSS;ND;En cours;24 min;;ND;"Suzuko Homura revient habiter à Ikebukuro, là où elle a grandi. Elle se réjouit de retrouver l'amie qu'elle avait laissée, Chinatsu Morikawa. Mais une fois arrivée dans son lycée, elle a du mal à s'intégrer. Afin de se faire des amies, elle décide d'acheter des cartes du très populaire jeu Wixoss. Elle se retrouve alors en possession d'une carte spéciale qui lui permet de mener une bataille dans une autre dimension inaccessible aux humains. 

Suzuko devra se battre pour prendre le contrôle de cinq pièces renfermant des souvenirs. Elle y retrouvera également son amie Chinatsu. Si elle parvient à réunir les pièces, elle pourra quitter le jeu. Sinon, elle sera punie…";https://str01-m.dpstream.media/a/4431/lostorage_incited_wixoss_5479-1475867242.jpg;Manga Lostorage Incited WIXOSS streaming, Manga Lostorage Incited WIXOSS dpstream, Manga Lostorage Incited WIXOSS HD, Lostorage Incited WIXOSS streaming VF
55;4430;All Out!!;ND;En cours;25;;25;"Adapté du manga All Out!! de Amase Shiori.

L'histoire suit Kenji Gion, un lycéen de petite taille fraichement accueilli dans un lycée de la préfecture de Kanagawa. Ce dernier va rencontrer un lycéen durant un match de rugby et va petit à petit devenir ami avec lui.

Avec ce lycéen nommé Sumiaki Iwashimizu, ils vont rejoindre le club de rugby du lycée.

Cette série narre leurs exploits en tant que rugbyman.";https://str01-m.dpstream.media/a/4430/all-out-fu-1475866976.jpg;Manga All Out!! streaming, Manga All Out!! dpstream, Manga All Out!! HD, All Out!! streaming VF
56;4429;Bungou Stray Dogs 2nd Season;ND;En cours;12;;12;Il s'agit de la seconde partie de l'anime Bungou Stray Dogs.;https://str01-m.dpstream.media/a/4429/bungou_stray_dogs_2nd_season_5325-1475824515.jpg;Manga Bungou Stray Dogs 2nd Season streaming, Manga Bungou Stray Dogs 2nd Season dpstream, Manga Bungou Stray Dogs 2nd Season HD, Bungou Stray Dogs 2nd Season streaming VF
57;4428;Bernard Jou Iwaku.;ND;En cours;3 min;;ND;"Titre alternatif : Miss Bernard Says.

Sawako Machida se fait appeler « Miss Bernard » et veut passer pour une férue de littérature. En réalité, elle est plutôt paresseuse et ne lit quasiment jamais ! Pourtant, elle passe son temps à la bibliothèque et pense qu'elle peut apprendre ses classiques sans effort, simplement en fréquentant ses camarades de classe…";https://str01-m.dpstream.media/a/4428/affiche_y6kdrpowgw6lc8f-1475774606.jpg;Manga Bernard Jou Iwaku. streaming, Manga Bernard Jou Iwaku. dpstream, Manga Bernard Jou Iwaku. HD, Bernard Jou Iwaku. streaming VF
58;4427;Keijo!!!!!!!!;ND;En cours;12;;12;"Titre alternatif : Hip Whip Girl

Le keijo est le nom d’un sport où les participantes (toutes féminines) doivent faire tomber leurs adversaires en dehors d’une plate-forme flottant au milieu d’une piscine. Elles ne peuvent utiliser que leurs fesses et leur poitrine, et ces combats donnent lieu à des paris enflammés. 

Nozomi Kaminashi est encore étudiante, mais elle rêve d’entrer dans ce monde, car elle espère ainsi gagner assez d’argent pour aider sa famille aux revenus modestes. Ses atouts : une formation de gymnaste, sa souplesse et un très bon sens de l’équilibre…";https://str01-m.dpstream.media/a/4427/keijo_5282-1475774393.jpg;Manga Keijo!!!!!!!! streaming, Manga Keijo!!!!!!!! dpstream, Manga Keijo!!!!!!!! HD, Keijo!!!!!!!! streaming VF
59;4426;Yuri!!! on Ice;ND;En cours;23 min;;ND;Alors qu'il participe à une compétition particulièrement importante, Yûri Katsuki, talentueux patineur japonais, est écrasé par la pression et voit s'envoler toute chance de victoire. De retour chez lui, à Kyushu, il s'enferme chez ses parents, ne sachant plus très bien s'il doit continuer à patiner ou tout abandonner. Mais les choses changent lorsqu'il est contacté par Victor Nikiforov et Yuri Plisetsky, deux patineurs russes au palmarès impressionnant.;https://str01-m.dpstream.media/a/4426/yuri_on_ice_5362-1475695466.jpg;Manga Yuri!!! on Ice streaming, Manga Yuri!!! on Ice dpstream, Manga Yuri!!! on Ice HD, Yuri!!! on Ice streaming VF
60;4425;Brave Witches;ND;En cours;23 min;;ND;"Au milieu du XXe siècle, la Terre est menacée par un mystérieux ennemi, les Neuroi, contre lequel nos armes conventionnelles se révèlent inefficaces. Seules quelques jeunes filles, les Witches, possèdent certains pouvoirs pouvant les contrer. Elles ont ainsi été recrutées dans le monde entier afin de former un escadron doté d’armes spécialement adaptées à leurs capacités. Nous suivons les interventions d’une nouvelle brigade, la 502e Joint Fighter Wing. 

Il s’agit d’un spin-off de la saga Strike Witches. L’histoire se situe entre les saisons 1 et 2. 

Saison 1 : http://www.dpstream.net/anime-1757-strike-witches.html
Saison 2 : http://www.dpstream.net/anime-1890-strike-witches-2.html";https://str01-m.dpstream.media/a/4425/brave_witches_5326-1475688250.jpg;Manga Brave Witches streaming, Manga Brave Witches dpstream, Manga Brave Witches HD, Brave Witches streaming VF
61;4424;Chi's Sweet Home (2016);ND;En cours;12 min;;ND;"Il s'agit d'un nouvel anime basé sur l'univers du manga Chi's Sweet Home (Chi, une vie de chat). Ce nouvel anime sera réalisé en 3DCG.

Chi est un chaton malicieux et un peu tête en l'air qui, après avoir perdu sa mère, est recueillie par la famille Yamada. Rapidement, elle se lie d'amitié avec Yohei, l'enfant de la famille, qui décide de l'adopter. L'ennui, c'est qu'ils n'ont normalement pas le droit de posséder un animal dans leur appartement.";https://str01-m.dpstream.media/a/4424/chi_s_sweet_home_3dcg_5494-1475688238.jpg;Manga Chi's Sweet Home (2016) streaming, Manga Chi's Sweet Home (2016) dpstream, Manga Chi's Sweet Home (2016) HD, Chi's Sweet Home (2016) streaming VF
62;4423;Kiitarou Shounen no Youkai Enikki;ND;En cours;12;;12;"Titre alternatif : Young Kiitarou and His Youkai Picture Diary

Adapté du manga Kiitarou Shounen no Youkai Enikki de Reiichi Kageyama.

Kiitarou est un jeune garçon qui rencontre le chemin de Suzu, un esprit. Au fur et à mesure, de plus en plus d'esprits vont entourer le jeune Kiitarou.";https://str01-m.dpstream.media/a/4423/kiitarou_shounen_no_youkai_enikki_5502-1475682609.jpg;Manga Kiitarou Shounen no Youkai Enikki streaming, Manga Kiitarou Shounen no Youkai Enikki dpstream, Manga Kiitarou Shounen no Youkai Enikki HD, Kiitarou Shounen no Youkai Enikki streaming VF
63;4422;Monster Hunter Stories RIDE ON;ND;En cours;48;;48;"Adapté du jeu vidéo Monster Hunter Stories.

Il s'agit d'une histoire alternative au jeu Monster Hunter.

Dans ce monde il existe une pierre nommée Kizuna Ishi, cette pierre confère le pouvoir de contrôler des monstres. Et cette pierre est possédée par un jeune garçon.

Pour rejoindre les Monster Hunters, ce dernier part de son village.";https://str01-m.dpstream.media/a/4422/affiche_ogkxuxkjxmcvwj0-1475658190.jpg;Manga Monster Hunter Stories RIDE ON streaming, Manga Monster Hunter Stories RIDE ON dpstream, Manga Monster Hunter Stories RIDE ON HD, Monster Hunter Stories RIDE ON streaming VF
64;4421;Hibike! Euphonium 2nd Season;ND;En cours;24 min;;ND;"Titre alternatif : Sound! Euphonium 2nd Season

Il s'agit de la seconde saison de l'anime Hibike! Euphonium.

Saison 1 : http://www.dpstream.net/anime-4177-hibike-euphonium.html";https://str01-m.dpstream.media/a/4421/hibike_euphonium_2nd_season_4954-1475658063.jpg;Manga Hibike! Euphonium 2nd Season streaming, Manga Hibike! Euphonium 2nd Season dpstream, Manga Hibike! Euphonium 2nd Season HD, Hibike! Euphonium 2nd Season streaming VF
65;4420;Cheating Craft;ND;En cours;12;;12;"Titre alternatif : One Lesson One Fight

Basé sur le light novel Zuobi Yishu de Gemini Xing Luo. Cet anime est une production sino-japonaise.

Mumei Shokatsu est un étudiant étranger expert en triche. Dû à des raisons personnelles, il a été forcé de retourner dans son pays d'origine pour entrer au lycée. Il n'a cependant jamais été dans une quelconque école auparavant et n'a donc aucune connaissance.

Pour obtenir de bons résultats, il va se résoudre à utiliser ses techniques de triches, chose qui ne sera facile du fait des équipements de sécurité et d'un groupe d'étudiants créé spécialement pour parer les éventuels tricheurs.";https://str01-m.dpstream.media/a/4420/cheating_craft_5871-1475657918.jpg;Manga Cheating Craft streaming, Manga Cheating Craft dpstream, Manga Cheating Craft HD, Cheating Craft streaming VF
66;4419;To Be Hero;ND;En cours;9 min;;ND;Ossan est un drôle de personnage. Carrément indiscipliné, divorcé, il travaille dans une boîte au sein de laquelle il conçoit des WC. Il vit avec sa fille dont il a la garde, Min-chan, une petite aussi bonne dans les livres que sur les terrains de sport. Un jour, alors qu'il travaille, il est littéralement aspiré par un WC et devient une espèce de super-héros, destiné à sauver le monde et surtout à protéger Min-chan !;https://str01-m.dpstream.media/a/4419/to_be_hero_5891-1475657786.jpg;Manga To Be Hero streaming, Manga To Be Hero dpstream, Manga To Be Hero HD, To Be Hero streaming VF
67;4418;Anitore! XX;ND;En cours;12;;12;"Titre alternatif : Anime de Training! XX / Ani Tore! XX

Seconde saison de l'anime Anitore! EX.";https://str01-m.dpstream.media/a/4418/anitore_ex_2nd_season_5801-1475657694.jpg;Manga Anitore! XX streaming, Manga Anitore! XX dpstream, Manga Anitore! XX HD, Anitore! XX streaming VF
68;4417;Mahou Shoujo Nante Mou Ii Desukara. 2nd Season;Mahō Shōjo Nante Mō Ii Desu Kara. Second Season;En cours;4 min;;ND;"Titre alternatif : I've Had Enough of Being a Magical Girl Second Season / Mahou Shoujo Nante Mouiidesukara Magical Girl 2

Seconde saison de Mahou Shoujo Nante Mou Ii Desukara.

Saison 1 : http://www.dpstream.net/anime-4296-mahou-shoujo-nante-mou-ii-desu-kara.html";https://str01-m.dpstream.media/a/4417/mahou_shoujo_nante_mou_ii_desukara_2nd_season_5830-1475657462.jpg;Manga Mahou Shoujo Nante Mou Ii Desukara. 2nd Season streaming, Manga Mahou Shoujo Nante Mou Ii Desukara. 2nd Season dpstream, Manga Mahou Shoujo Nante Mou Ii Desukara. 2nd Season HD, Mahou Shoujo Nante Mou Ii Desukara. 2nd Season streaming VF
69;4416;Nanbaka;ND;En cours;13;;13;"L'histoire tourne autour de Jyugo, Uno, Nico et Rock, quatre prisonniers dont la prison divise les résidents par groupe et leur attribut un numéro unique.

Nos quatre prisonniers appartiennent au treizième groupe et malgré leur situation, ils passent leur temps à s'amuser, au grand dépit des gardes.

Cependant, la paisible vie de Jyugo est bousculée lorsqu'il se rend compte que son passé lui est inconnu.";https://str01-m.dpstream.media/a/4416/nanbaka_4877-1475657289.jpg;Manga Nanbaka streaming, Manga Nanbaka dpstream, Manga Nanbaka HD, Nanbaka streaming VF
70;4415;Nobunaga no Shinobi;ND;En cours;13;;13;"En 1555, tandis que les royaumes se livrent à des luttes intestines, un homme est porté par un rêve un peu fou : arriver à unifier le Japon par la force. Son nom : Oda Nobunaga. 

Admirant le but qu’il s’est fixé, une jeune apprentie ninja, Chidori, rêve à son tour d’assister celui qui deviendra le plus célèbre seigneur de guerre du Japon…";https://str01-m.dpstream.media/a/4415/448d93e8e3d8fdcaa6e662cc24d786811475522190_full-1475568732.jpg;Manga Nobunaga no Shinobi streaming, Manga Nobunaga no Shinobi dpstream, Manga Nobunaga no Shinobi HD, Nobunaga no Shinobi streaming VF
71;4413;Shakunetsu no Takkyuu Musume;ND;En cours;23 min;;ND;"Titre alternatif : Ping Pong Girl

Adapté du manga Shakunetsu no Takkyuu Musume de Yagura Asano.

Tsumuzikaze Koyori et Kamiya Agari sont deux collégiennes qui viennent de s'inscrire au club de tennis de table de leur collège. Passionnées par ce sport, nous allons suivre leur progression au sein de ce club.";https://str01-m.dpstream.media/a/4413/shakunetsu_no_takkyuu_musume_5380-1475516687.jpg;Manga Shakunetsu no Takkyuu Musume streaming, Manga Shakunetsu no Takkyuu Musume dpstream, Manga Shakunetsu no Takkyuu Musume HD, Shakunetsu no Takkyuu Musume streaming VF
72;4412;Gakuen Handsome;ND;En cours;12;;12;Baramon est un lycée privé de garçons, réservé à l'élite. Maeda Yoshiki, 17 ans, vient d'être transféré dans cette école. A son arrivée, il va aller de rencontre en rencontre avec élèves et professeurs et retrouver un ami d'enfance qu'il n'a pas vu depuis des années.;https://str01-m.dpstream.media/a/4412/gakuen_handsome_5840-1475516542.jpg;Manga Gakuen Handsome streaming, Manga Gakuen Handsome dpstream, Manga Gakuen Handsome HD, Gakuen Handsome streaming VF
73;4411;Kaitou Joker 4th Season;ND;En cours;23 min;;ND;"Titre alternatif : Mysterious Joker 4

Quatrième saison de Kaitou Joker.";https://str01-m.dpstream.media/a/4411/kaitou_joker_4th_season_5729-1475516273.jpg;Manga Kaitou Joker 4th Season streaming, Manga Kaitou Joker 4th Season dpstream, Manga Kaitou Joker 4th Season HD, Kaitou Joker 4th Season streaming VF
74;4410;ViVid Strike!;ND;En cours;23 min;;ND;"Il s'agit d'un nouveau projet créé et scénarisé par Masaki Tsuzuki, le créateur de la saga Mahou Shoujo Lyrical Nanoha.

Ce nouveau projet a pour slogan : 'Vous n'aurez pas peur, je suis avec vous.'

L'histoire nous entraine aux côtés de Fuuka Leventon et de son amie Rinne Bellinetta. Vivant dans la rue avec son amie lorsqu'elles étaient jeunes, Fuuka s'est jurée de devenir plus forte pour protéger ceux qu'elle aime.

Aujourd'hui, nous suivons les progrès de ces deux amies.";https://str01-m.dpstream.media/a/4410/vivid-strike-kv.png-1475426828.jpg;Manga ViVid Strike! streaming, Manga ViVid Strike! dpstream, Manga ViVid Strike! HD, ViVid Strike! streaming VF
75;4409;Okusama ga Seito Kaichou! 2nd Season;Oku-sama ga Seito Kaichou! +;En cours;8 min;;ND;"Titre alternatif : My Wife is the Student Council President Plus / Oku-sama ga Seito Kaichou! 2nd Season

Il s'agit de la seconde saison de l'anime Okusama ga Seito Kaichou!.

Ui Wakana est la présidente du conseil des élèves au lycée Seifû. Un soir, elle a débarqué chez Hayato Izumi, le vice-président, pour lui annoncer qu’elle allait devenir sa femme. Après avoir commencé à vivre ensemble, de nouvelles épreuves attendent nos tourtereaux en herbe, notamment sur le sujet délicat de leurs rapports intimes…";https://str01-m.dpstream.media/a/4409/okusama_ga_seito_kaichou_5224-1475418510.jpg;Manga Okusama ga Seito Kaichou! 2nd Season streaming, Manga Okusama ga Seito Kaichou! 2nd Season dpstream, Manga Okusama ga Seito Kaichou! 2nd Season HD, Okusama ga Seito Kaichou! 2nd Season streaming VF
76;4408;Magic-Kyun! Renaissance;ND;En cours;13;;13;"Titre alternatif : Magic Kyun ! Renaissance / Magic Kyun Renaissance

Dans un monde où l’art est lié à la magie, les personnes qui arrivent à maîtriser cette discipline sont appelées Artista et sont très prisées par les sociétés de divertissement. L’école privée Hoshinomori est dédiée à la formation de ces arts magiques. Jeune élève, Ohana Aigasaki fait la connaissance de six garçons particulièrement doués. La jeune fille rejoint le comité organisant le festival culturel d’été, un grand rendez-vous au cours duquel seront élus le Prince et la Princesse Artista de l’année.";https://str01-m.dpstream.media/a/4408/magic-kyun_renaissance_5550-1475417547.jpg;Manga Magic-Kyun! Renaissance streaming, Manga Magic-Kyun! Renaissance dpstream, Manga Magic-Kyun! Renaissance HD, Magic-Kyun! Renaissance streaming VF
77;4407;Ao Oni (TV);ND;En cours;3 min;;ND;"Titre alternatif : Ao Oni The Animation (TV)

Ao Oni (TV) est une adaptation du jeu vidéo amateur RPG Maker Ao Oni.
Il s'agira d'un format court mettant en scène les personnages principaux du jeu vidéo original en version chibi, dans des situations loufoques.

Aux abords de la ville se dresse un manoir que l’on dit hanté par un mystérieux monstre bleu (Aooni, en japonais). Hiroshi et ses camarades Takuro, Takeshi et Mika ont décidé de s’y rendre pour en avoir le cœur net. En effet, personne n’a jamais pu témoigner de la présence du monstre, car ceux qui sont entrés dans le manoir n’en sont jamais ressortis…";https://str01-m.dpstream.media/a/4407/ao_oni_tv_5842-1475348629.jpg;Manga Ao Oni (TV) streaming, Manga Ao Oni (TV) dpstream, Manga Ao Oni (TV) HD, Ao Oni (TV) streaming VF
78;4406;Mahou Shoujo Ikusei Keikaku;Mahō Shōjo Ikusei Keikaku;En cours;12;;12;"Titre alternatif : Magical Girl Raising Project

Adapté du roman Mahou Shoujo Ikusei Keikaku de Endou Asari.

L'histoire se passe dans un monde où un jeu en ligne nommé Magical Girl Raising Project offre des pouvoirs spéciaux dans le monde réel. Seulement, ces pouvoirs ne peuvent être obtenu qu'avec de la chance : en effet, seul une personne sur dix milles peut espérer en avoir.

Le nombre de personnes possédant des pouvoirs augmentant de plus en plus, le gouvernement décide de cibler un quartier où le nombre de porteurs de pouvoirs est important afin de réduire de moitié ces porteurs. Pour se faire, ce gouvernement organise une sorte de jeu où doivent s'affronter ces personnes, mais cela vire vite au drame et une bataille à mort commence.";https://str01-m.dpstream.media/a/4406/mahou_shoujo_ikusei_keikaku_4778-1475328360.jpg;Manga Mahou Shoujo Ikusei Keikaku streaming, Manga Mahou Shoujo Ikusei Keikaku dpstream, Manga Mahou Shoujo Ikusei Keikaku HD, Mahou Shoujo Ikusei Keikaku streaming VF
79;4405;Shuumatsu no Izetta;Shūmatsu no Izetta;En cours;12;;12;"Titre alternatif : Izetta, Die Letzte Hexe / Izetta, The Last Witch

En 1939, la nation impérialiste de Germania commence à envahir les pays voisins. Depuis, La guerre s'est propagée à travers toute l'Europe.

Un an plus tard, une sorcière du nom d'Izetta se réveille après un long sommeil. Cette dernière décide de protéger Fine, l'unique fille de Rudoph III et héritière au trône du petit royaume d'Eylstadt.

Izetta & Fine devront faire face à l'empire de Germania, qui menace d'attaquer le royaume sous peu !";https://str01-m.dpstream.media/a/4405/shuumatsu_no_izetta_5602-1475328213.jpg;Manga Shuumatsu no Izetta streaming, Manga Shuumatsu no Izetta dpstream, Manga Shuumatsu no Izetta HD, Shuumatsu no Izetta streaming VF
80;4404;Bloodivores;ND;En cours;12;;12;"Il y a 60 ans, une étrange insomnie a frappé la population. Un médicament a été trouvé, mais il a transformé les patients en vampires. Surnommés les Bloodivores, ils ont ensuite été pourchassés. 

Mi Liu est né de l’union d’une humaine et d’un vampire. Arrêté lors de l’attaque d’une banque, il est envoyé dans une prison spéciale réservée aux derniers Bloodivores. Il va peu à peu comprendre ce qui s’est vraiment passé soixante ans plus tôt...";https://str01-m.dpstream.media/a/4404/28363bb11ffb9bd2877f4bcb45a3d5df1475306991_full-1475328548.jpg;Manga Bloodivores streaming, Manga Bloodivores dpstream, Manga Bloodivores HD, Bloodivores streaming VF
81;4403;Kaijuu Girls : Ultra Kaijū Gijinka Keikaku;ND;En cours;5 min;;ND;L’humanité en a enfin terminé avec les kaijû, ces terribles monstres géants qui envahissaient la Terre. Tandis que la planète retrouve enfin la sérénité, de jeunes filles détenant l’âme des kaijû ont commencé à apparaître. Surnommées les Kaijû Girls, elle vont devoir apprendre à s’intégrer à notre monde...;https://str01-m.dpstream.media/a/4403/affiche_tifqykqmaod0917-1475003827.jpg;Manga Kaijuu Girls : Ultra Kaijū Gijinka Keikaku streaming, Manga Kaijuu Girls : Ultra Kaijū Gijinka Keikaku dpstream, Manga Kaijuu Girls : Ultra Kaijū Gijinka Keikaku HD, Kaijuu Girls : Ultra Kaijū Gijinka Keikaku streaming VF
82;4402;Zero no Tsukaima ~Princess no Rondo~ (Saison 3);ND;En cours;12;;12;"Zero no Tsukaima ~Princess no Rondo~ est la saison 03 de Zero no Tsukaima.

Nous retrouvons donc nos deux jeunes héros Louise et Saito pour ce troisième volet de la série.
Louise se rend compte que la rune sur la main de Saito disparait peu à peu. Nul ne sait expliquer cela, mais cela signifie qu'il n'est plus le familier de Louise. Il est donc libre mais le pouvoir du Gandalf qui la protégeait ne lui appartient plus...
Ils sont donc immédiatement convoqués chez la princesse.
Sur le chemin, Louise décide de s'aventurer dans la forêt, seule mais à quel prix ?

Dernière saison : http://www.dpstream.net/anime-3601-zero-no-tsukaima-f.html";https://str01-m.dpstream.media/a/4402/zero_no_tsukaima_princess_no_rondo_1220-1475002797.jpg;Manga Zero no Tsukaima ~Princess no Rondo~ (Saison 3) streaming, Manga Zero no Tsukaima ~Princess no Rondo~ (Saison 3) dpstream, Manga Zero no Tsukaima ~Princess no Rondo~ (Saison 3) HD, Zero no Tsukaima ~Princess no Rondo~ (Saison 3) streaming VF
83;4401;Zero no Tsukaima ~Futatsuki no Kishi~ (Saison 2);ND;En cours;12;;12;"Il s'agit de la saison 02 de Zero no Tsukaima.

Après être venus en aide au royaume de Tristain en repoussant la tentative d'invasion de la perfide Albion, Saito Hiraga décide de rentrer au Japon à bord de son chasseur Zero.
Mais les choses ne se passent pas comme prévus. Saito perd le contrôle de son appareil et s'écrase... . lorsqu'il se réveille, il se retrouve au pied du lit qu'il partage avec Louise Françoise Le Blanc de la Vallière, sa dulcinée ! Notre héros semble, en effet, ne pas avoir eu le courage nécessaire pour abandonner l'élue de son cœur et a donc décidé de rester auprès d'elle.

Mais dès le lendemain, la princesse est enlevée et le palais requiert l'aide de nos deux héros, Saito et Louise...

Saison 3 : http://www.dpstream.net/anime-4402-zero-no-tsukaima-princess-no-rondo-saison-3.html";https://str01-m.dpstream.media/a/4401/zero_no_tsukaima_futatsuki_no_kishi_1219-1475002431.jpg;Manga Zero no Tsukaima ~Futatsuki no Kishi~ (Saison 2) streaming, Manga Zero no Tsukaima ~Futatsuki no Kishi~ (Saison 2) dpstream, Manga Zero no Tsukaima ~Futatsuki no Kishi~ (Saison 2) HD, Zero no Tsukaima ~Futatsuki no Kishi~ (Saison 2) streaming VF
84;4400;Nyanbo!;ND;En cours;26;;26;Mini-série télévisée animée inspirée du personnage de Cartox (Danbo) de Yotsuba&!, ici transformé en chat. Petits épisodes de 5 minutes diffusés sur la chaîne NHK-E chaque mardi à 6h40 et 17h20 dès automne 2016.;https://str01-m.dpstream.media/a/4400/c0e4062c697750b7a32757413989f75b1474913023_full-1474961047.jpg;Manga Nyanbo! streaming, Manga Nyanbo! dpstream, Manga Nyanbo! HD, Nyanbo! streaming VF
85;4399;Dream Festival!;ND;En cours;23 min;;ND;Nous suivrons l'histoire de 5 idoles participant au Dream Festival: Kanade Amamiya, Shin Oikawa, Junya Sasaki, Itsuki Katagiri & Chizuru Sawamura. Lors de ce festival, les fans viennent soutenir leur idole préféré grâce aux Dreams Cards: des cartes spéciales permettant aux idoles de débloquer de nouvelles tenues et d'avoir droit à des passages sur scène supplémentaires.;https://str01-m.dpstream.media/a/4399/dream_fes_5394-1474698462.jpg;Manga Dream Festival! streaming, Manga Dream Festival! dpstream, Manga Dream Festival! HD, Dream Festival! streaming VF
86;4398;Darker Than Black 2nd Season;ND;En cours;12;;12;"Titre alternatif : Darker than Black: Gemini of the Meteor / Darker than BLACK 2nd Season / Darker than BLACK Second Season / DTB2

L'histoire se passe deux ans plus tard, en Russie.
Suō Pavlichenko est une petite fille mi-Russe mi-Japonaise. N'ayant pas connus trop de malheurs, elle vit heureuse entourée de son frère et de ses amis. Ce qu'elle ne sait pas, c'est que le malheur la suit de très près. Quand a notre BK201, Huang et Mao ne sont plus, Hei et Yin se débrouille désormais tout seul.
Les mystères seront donc enfin résolu dans cette deuxième saison ?

Saison 1 : http://www.dpstream.net/anime-111-darker-than-black.html";https://str01-m.dpstream.media/a/4398/darker_than_black_ryuusei_no_gemini_1522-1474468242.jpg;Manga Darker Than Black 2nd Season streaming, Manga Darker Than Black 2nd Season dpstream, Manga Darker Than Black 2nd Season HD, Darker Than Black 2nd Season streaming VF
87;4397;Spice and Wolf II (Ookami to Koushinryou II);ND;En cours;12;;12;"Voici la suite des aventures de la déesse Horo, divinité des moissons et du marchand Lawrence Craft, toujours sur le chemin des forêts du Nord, terre natale d'Horo.

Au fil du temps qui passe, Horo, maintenant habituée à la compagnie de Lawrence, éprouve peu à peu des sentiments pour lui.

Sont-ils réciproques ?

Saison 1 : http://www.dpstream.net/anime-91-spice-and-wolf-ookami-to-koushinryou.html";https://str01-m.dpstream.media/a/4397/ookami_to_koushinryou_ii_1502-1474210401.jpg;Manga Spice and Wolf II (Ookami to Koushinryou II) streaming, Manga Spice and Wolf II (Ookami to Koushinryou II) dpstream, Manga Spice and Wolf II (Ookami to Koushinryou II) HD, Spice and Wolf II (Ookami to Koushinryou II) streaming VF
88;4396;Hataraki Man (Anime);ND;En cours;11;;11;"Nous suivons la vie de Matsukata, jeune journaliste de 28 ans pour le journal 'Weekly Jidai'. Plutot occupée par son travail, elle en oublie totalement sa vie privée ce qui n'arrange pas sa vie de couple.

Quand son travail devient important, et surtout urgent, elle se transforme en 'Hataraki Man', sorte de sur-homme bourré aux hormones capable de travailler 3 fois plus sans se soucie d'elle-même.";https://str01-m.dpstream.media/a/4396/73869-1474194810.jpg;Manga Hataraki Man (Anime) streaming, Manga Hataraki Man (Anime) dpstream, Manga Hataraki Man (Anime) HD, Hataraki Man (Anime) streaming VF
89;4395;The Ancient Magus Bride;Mahô Tsukai no Yome - Hoshi Matsu Hito;En cours;3;;ND;"Titre alternatif : The Ancient Magus Bride / Mahoutsukai no Yome: Hoshi Matsu Hito / The Ancient Magus Bride : Those awaiting a star / The Ancient Magus Bride : The Man Who Waits for Stars / The Magician's Bride

Chise Hatori a 15 ans. Elle n’a ni famille, ni talent particulier, ni aucun espoir dans la vie. Un jour, elle est vendue à un sorcier, un non-humain dont l’existence remonte à la nuit des temps… Il la prend sous son aile pour faire d’elle sa disciple et lui annonce qu’à terme, elle deviendra son épouse. Alors, les aiguilles qui semblaient à tout jamais figées dans son cœur se mettent à tourner de nouveau, petit à petit…";https://str01-m.dpstream.media/a/4395/mahou_tsukai_no_yome_-_hoshi_matsu_hito_5335-1473589220.jpg;Manga The Ancient Magus Bride streaming, Manga The Ancient Magus Bride dpstream, Manga The Ancient Magus Bride HD, The Ancient Magus Bride streaming VF
90;4394;Mahou Shoujo? Naria☆Girls;Mahō Shōjo? Naria☆Girls;En cours;8 min;;ND;Urara, Hanabi et Inaho sont trois filles cherchant à se faire connaitre dans tout le Japon en créant une version animé d'elles-mêmes. Pour espérer viser un maximum de monde (adultes comme enfants), elles choisissent le thème des 'magical girls'. Pourront-elles devenir des personnages célèbres en une seule saison?;https://str01-m.dpstream.media/a/4394/mahou_shoujo_naria_girls_5594-1472817178.jpg;Manga Mahou Shoujo? Naria☆Girls streaming, Manga Mahou Shoujo? Naria☆Girls dpstream, Manga Mahou Shoujo? Naria☆Girls HD, Mahou Shoujo? Naria☆Girls streaming VF
91;4393;Sansha Sanyou;Sansha Sanyô;En cours;12;;12;"Titre alternatif : Three Leaves, Three Colors

Cet anime adapte un yonkoma (manga contenant des gags en 4 cases) de Cherry Arai.

L'histoire se centre sur trois amies dont les personnalités sont totalement opposées.
Futaba Odagiri est une élève fraîchement arrivée dans l'établissement. C'est une jeune fille dynamique et souriante.
Teru Hayama est une élève qui, sous une apparence mignonne, cache un tempérament bien trempé. Elle peut d'ailleurs se montrer très désagréable avec ses camarades.
Yôko Nishikawa a été élevée au sein d'une famille autrefois très fortunée mais désormais ruinée. Néanmoins, Yôko a gardé ses manies de petite princesse.";https://str01-m.dpstream.media/a/4393/sansha_sanyou_4767-1472817051.jpg;Manga Sansha Sanyou streaming, Manga Sansha Sanyou dpstream, Manga Sansha Sanyou HD, Sansha Sanyou streaming VF
92;4392;12-Sai. ~Chiccha na Mune no Tokimeki~;ND;En cours;8;;ND;"Titre alternatif : Age 12 - A Little Heart-Pounding

La jeune Hanabi à 12 ans, l'âge où l'on commence à se transformer physiquement, comme mentalement. Le passage vers l'âge adulte est loin d'être facile, Hanabi découvre ses premiers sentiments amoureux mais aussi d'autres changements qu'elle ne comprend pas encore très bien.

Saison 1 : 12 épisodes
Saison 2 : ?";https://str01-m.dpstream.media/a/4392/12-sai_chiccha_na_mune_no_tokimeki_5225-1472816897.jpg;Manga 12-Sai. ~Chiccha na Mune no Tokimeki~ streaming, Manga 12-Sai. ~Chiccha na Mune no Tokimeki~ dpstream, Manga 12-Sai. ~Chiccha na Mune no Tokimeki~ HD, 12-Sai. ~Chiccha na Mune no Tokimeki~ streaming VF
93;4391;Nanatsu no Taizai : Seisen no Shirushi;ND;En cours;4;;4;"Titre alternatif : The Seven Deadly Sins : Signs of Holy War

Il s’agit d’une histoire originale écrite par Suzuki Nakaba lui-même.";https://str01-m.dpstream.media/a/4391/nanatsu_no_taizai_seisen_no_shirushi_5389-1472416850.jpg;Manga Nanatsu no Taizai : Seisen no Shirushi streaming, Manga Nanatsu no Taizai : Seisen no Shirushi dpstream, Manga Nanatsu no Taizai : Seisen no Shirushi HD, Nanatsu no Taizai : Seisen no Shirushi streaming VF
94;4390;Shinmai Maou no Testament Burst Non censuré;ND;En cours;10;;10;"Titre alternatif : Shinmai Maou no Testament Second season / The Testament of Sister New Devil : Burst

Il s'agit de la seconde saison de Shinmai Maou no Testament.";https://str01-m.dpstream.media/a/4390/affiche_8rtmt5yzaygt88q-1461064438-1471428700.jpg;Manga Shinmai Maou no Testament Burst Non censuré streaming, Manga Shinmai Maou no Testament Burst Non censuré dpstream, Manga Shinmai Maou no Testament Burst Non censuré HD, Shinmai Maou no Testament Burst Non censuré streaming VF
95;4389;Under The Dog;ND;En cours;1;;ND;"2025, cinq ans après les attaques terroristes dévastatrices qui ont mis fin aux Jeux Olympiques de Tokyo 2020. L'ONU a pris le contrôle de l'ancien site olympique sur le bord de la baie de Tokyo, en le plaçant au-delà de la juridiction du Japon.

Hana Togetsu est une élève de lycée de 17 ans qui vit dans la région. Elle n'est pas une adolescente typique, elle appartient à une unité spéciale dirigée par l'ONU. Hana est envoyé en mission en tant qu'étudiante de transfert vers un lycée public sur l'île d'Enoshima.

Sa cible: Shunichi Nanase, un garçon de sa classe.

Comme Hana est sur le point d'entrer en contact avec sa cible, un homme d'âge moyen apparaît à l'école demandant Shunichi. La situation devient critique lorsque l'armée américaine arrive à l'école à la poursuite de l'homme.

Comme l'effusion de sang dégénère, une autre adolescente commence à faire son chemin vers l'île pour sortir de l'impasse.";https://str01-m.dpstream.media/a/4389/under_the_dog_4029-1471355545.jpg;Manga Under The Dog streaming, Manga Under The Dog dpstream, Manga Under The Dog HD, Under The Dog streaming VF
96;4388;Planetarian ~Chiisana Hoshi no Yume~;ND;En cours;5;;5;"Titre alternatif : Planetarian: The Reverie of a Little Planet

Adaptation du Visual Novel planetarian de l'éditeur Key.

L'histoire se passe trente ans après l'échec du Programme de Colonisation Spatial et d'une guerre nucléaire. Une pluie perpétuelle et mortelle s'abat alors sur le monde.

Alors que l'humanité est presque éteinte, des personnes appelées 'Junkers' recherchent tout ce qui peut être utile à la surface de la terre.

L'histoire nous emmène dans le quotidien d'un des ces 'Junkers' qui rencontre dans un planétarium une androïde portant le nom de Hoshino Yumemi. Elle dit avoir attendu des visiteurs durant plus de vingt-neuf ans..";https://str01-m.dpstream.media/a/4388/planetarian_chiisana_hoshi_no_yume_5435-1471351215.jpg;Manga Planetarian ~Chiisana Hoshi no Yume~ streaming, Manga Planetarian ~Chiisana Hoshi no Yume~ dpstream, Manga Planetarian ~Chiisana Hoshi no Yume~ HD, Planetarian ~Chiisana Hoshi no Yume~ streaming VF
97;4387;Saiki Kusuo no Ψ Nan;Saiki Kusuo no Sainan;En cours;24;;24;"Titre alternatif : Saiki Kusuo no Psi Nan / Saiki Kusuo no Sainan / The Disastrous Life of Saiki K 

Kusuo Saiki est un étudiant de 16 ans qui possède plusieurs dons surnaturels, dont la télépathie et la télékinésie. Des pouvoirs dont n'importe qui rêverait, mais qui cause à notre héros un certain nombres de problèmes… Kusuo tente malgré tout de mener une vie normale.";https://str01-m.dpstream.media/a/4387/saiki_kusuo_no_nan_tv_5516-1471343858.jpg;Manga Saiki Kusuo no Ψ Nan streaming, Manga Saiki Kusuo no Ψ Nan dpstream, Manga Saiki Kusuo no Ψ Nan HD, Saiki Kusuo no Ψ Nan streaming VF
98;4386;Yozakura Quartet: Tsuki ni Naku OAV;ND;En cours;3;;ND;Grâce au Nana-Gô qui protége la ville de Sakurashin, les hommes et les youkai (monstres mythologiques japonais) y vivent en harmonie. Cette arrangement de 7 poteaux qui entourent la ville et qui crée un champ de force autour. Hime Yarizakura et les trois autres membres de son agence ont pour mission de protéger le Nana-Gô.;https://str01-m.dpstream.media/a/4386/affiche_zxku6bdwzr58agv-1469023657.jpg;Manga Yozakura Quartet: Tsuki ni Naku OAV streaming, Manga Yozakura Quartet: Tsuki ni Naku OAV dpstream, Manga Yozakura Quartet: Tsuki ni Naku OAV HD, Yozakura Quartet: Tsuki ni Naku OAV streaming VF
99;4385;Black Butler 3: Book of Circus;ND;En cours;10;;10;"Titre alternatif : Black Butler : Book of Circus / Kuroshitsuji Circus Hen / Kuroshitsuji Shin Series / Black Butler 3 / Kuroshitsuji III

Partout où le cirque de l’Arche de Noé passe, des enfants disparaissent. Afin d’apaiser le chagrin de la reine Victoria lié à ces disparitions, le limier de la reine, Ciel, et son fidèle diable de majordome sont sur l’affaire. Maintenant que ce mystérieux cirque arrive à Londres, le temps est venu pour nos deux compagnons d’y effectuer une petite visite.";https://str01-m.dpstream.media/a/4385/affiche_81n1rk8hyy6ywpx-1469018264.jpg;Manga Black Butler 3: Book of Circus  streaming, Manga Black Butler 3: Book of Circus  dpstream, Manga Black Butler 3: Book of Circus  HD, Black Butler 3: Book of Circus  streaming VF
100;4384;Battery;ND;En cours;11;;11;"Titre alternatif : Battery the Animation

Takumi Harada est un collégien qui déménage dans une ville montagnarde située dans la préfecture de Okayama suite à la mutation de son père. Il est également fan de baseball et il occupe le poste de lanceur mais il perd petit à petit confiance en lui... C'est alors que son camarade Kō Nagakura lui demande de former une batterie (Duo de lanceur et receveur) avec lui. Cette nouvelle collaboration donnera-t-elle de bons résultats ?";https://str01-m.dpstream.media/a/4384/affiche_3dp4fopbsjweuio-1468595281.jpg;Manga Battery streaming, Manga Battery dpstream, Manga Battery HD, Battery streaming VF
101;4383;Mob Psycho 100;ND;En cours;12;;12;"Titre alternatif : One Hundred Mob Psycho 

Kageyama Shigeo, surnommé Mob est un collégien qui possède des pouvoirs psychiques. Il est capable d'accomplir de grandes choses avec cela, mais il a pris la décision d'arrêter de les utiliser au grand jour à cause de la mauvaise réputation engrangée par ses dons...

Il veut désormais mener une vie normale. Son plus grand objectif ? Se rapprocher d'une fille de sa classe, Tsubomi. Notre héros réussira-t-il a enfin vivre comme les autres et à accomplir son but ?";https://str01-m.dpstream.media/a/4383/746648cbc49e05494bc250f40a0c84911467850041_full-1468254021.jpg;Manga Mob Psycho 100  streaming, Manga Mob Psycho 100  dpstream, Manga Mob Psycho 100  HD, Mob Psycho 100  streaming VF
102;4382;Active Raid : Kidõ Kyõshushitsu Dai Hakkei 2nd Season;ND;En cours;12;;12;"Titre alternatif : Active Raid: Mobile Assault Division, Unit 8 2nd Season

Une partie de Tokyo est devenue une zone de non-droit. Pour remettre de l’ordre dans ces quartiers, une brigade spéciale est chargée d’intervenir : « la Huitième », doté d’un Willware, un exosquelette lui permettant d’agir en toute sécurité.

Après avoir déjoué une attaque terroriste, la brigade est devenue très populaire à travers tout le pays. Mais le calme n’est pas revenu pour autant et les interventions sont même de plus en plus nombreuses. La Huitième a désormais de nouveaux membres et continue du mieux qu’elle peut à lutter contre le crime, aidée maintenant par la police civile…";https://str01-m.dpstream.media/a/4382/affiche_acxcze3d1yg40ag-1468163915.jpg;Manga Active Raid : Kidõ Kyõshushitsu Dai Hakkei 2nd Season streaming, Manga Active Raid : Kidõ Kyõshushitsu Dai Hakkei 2nd Season dpstream, Manga Active Raid : Kidõ Kyõshushitsu Dai Hakkei 2nd Season HD, Active Raid : Kidõ Kyõshushitsu Dai Hakkei 2nd Season streaming VF
103;4381;Handa-kun;ND;En cours;12;;12;"Handa Seishû est un lycéen admiré par ses camarades et considéré comme un génie de la calligraphie. Tous le respectent, mais le caractère pessimiste et renfermé de Handa fait qu'il se méprend sur son propre compte et pense que l'attention que lui portent ses camarades relève du harcèlement. Lui, souhaite juste vivre une vie tranquille et paisible, mais à chaque fois qu'il tente d'échapper aux griffes de ses 'persécuteurs', il se retrouve avec encore plus d'admirateurs dans les pattes.

Préquel de Barakamon http://www.dpstream.net/anime-4045-barakamon.html";https://str01-m.dpstream.media/a/4381/affiche_2zpq2bgrmiqgy36-1468084693.jpg;Manga Handa-kun  streaming, Manga Handa-kun  dpstream, Manga Handa-kun  HD, Handa-kun  streaming VF
104;4380;Ange Vierge;ND;En cours;12;;12;"Un jour, cinq mondes devinrent liés : le monde bleu (le nôtre, la Terre), le monde noir (régi par la nuit et la magie), le monde rouge (protégé par les prières et les dieux), le monde blanc (géré par la science et l’informatique) et le monde vert (régi par les armes et les armées). Anges, démons, fées, sorcières et déesses qui ont peuplé contes et légendes sont à présent bien réels.

Dans chacun de ces mondes, des jeunes filles se sont réveillées un jour dotées de certains pouvoirs. Symboles du progrès, elles sont alors envoyées dans une école spéciale construite sur une île isolée dans l’océan Pacifique. Elles représentent le seul espoir de victoire contre Ouroboros, avant que l’univers ne bascule dans les ténèbres…";https://str01-m.dpstream.media/a/4380/affiche_yhrgdw3bwivnk71-1468081611.jpg;Manga Ange Vierge streaming, Manga Ange Vierge dpstream, Manga Ange Vierge HD, Ange Vierge streaming VF
105;4379;Cheer Danshi!!;Cheer Boys!!;En cours;12;;12;Ayant arrêté le judo après un échec, Haruki se voit proposer par son ami d'enfance, Kazuma, de rejoindre 'BREAKERS', l'équipe masculine de cheerleading de leur université. Cette équipe toute fraîche est pour le moins originale, entre le binoclard terre à terre qui ne jure que par la théorie, les surexcités originaires du Kansai ou encore le glouton de service. Heureusement, des membres expérimentés seront là pour les guider afin de casser les clichés et relever un tout nouveau défi !;https://str01-m.dpstream.media/a/4379/affiche_q9ry35ziubnc6mt-1468079285.jpg;Manga Cheer Danshi!! streaming, Manga Cheer Danshi!! dpstream, Manga Cheer Danshi!! HD, Cheer Danshi!! streaming VF
106;4378;Regalia: The Three Sacred Stars;ND;En cours;13;;13;Dans le pays de Rimguard, un grand incident a eu lieu il y a 12 ans. Le temps a passé et celui-ci reste encore très mystérieux et il commence à disparaître de la mémoire du peuple. C'est dans l'Empire d'Enastria que vivent paisiblement Yui et Rena, deux soeurs. Un jour, le lieu est attaqué par un gigantesque robot. Cette journée changera le destin de nos deux héroïnes...;https://str01-m.dpstream.media/a/4378/affiche_u6shd3jtavbeqfc-1468068382.jpg;Manga Regalia: The Three Sacred Stars streaming, Manga Regalia: The Three Sacred Stars dpstream, Manga Regalia: The Three Sacred Stars HD, Regalia: The Three Sacred Stars streaming VF
107;4377;Kono Bijutsu-bu ni Mondai ga Aru!;ND;En cours;12;;12;Faisant partie du club d’art de son collège, Uchimaki Subaru est un étudiant comme les autres, à un détail près : son passe-temps ? Dessiner la femme parfaite en 2D. De leur côté, la jeune Colette et le président du club passent le plus clair de leur temps à faire uniquement acte de présence et à dormir. Usami Mizuki, seule membre qui cherche réellement à effectuer des activités en rapport avec l’art, n’aura pas le luxe d’œuvrer dans un club calme et normal !;https://str01-m.dpstream.media/a/4377/affiche_ipflg1vbg0ahu5o-1468068126.jpg;Manga Kono Bijutsu-bu ni Mondai ga Aru! streaming, Manga Kono Bijutsu-bu ni Mondai ga Aru! dpstream, Manga Kono Bijutsu-bu ni Mondai ga Aru! HD, Kono Bijutsu-bu ni Mondai ga Aru! streaming VF
108;4376;Hitori no Shita: The Outcast;ND;En cours;12;;12;Soran Cho se promenait tranquillement dans le cimetière d’un petit village lorsqu’il a été attaqué par des zombies. Il pensait alors son heure arrivée, mais il a été sauvé in extremis par une mystérieuse épéiste qui a promptement disparu. Cet événement va changer à jamais la vie de cet étudiant ordinaire...;https://str01-m.dpstream.media/a/4376/affiche_tzk5lu7ltbdbf7a-1468065935.jpg;Manga Hitori no Shita: The Outcast  streaming, Manga Hitori no Shita: The Outcast  dpstream, Manga Hitori no Shita: The Outcast  HD, Hitori no Shita: The Outcast  streaming VF
109;4375;Amanchu!;ND;En cours;12;;12;Futaba est une jeune fille calme et timide qui vient d'arriver dans en ville pour ses études. Quand à elle, Hikari est jeune fille extrêmement dynamique et surexcitée, elle adore par dessus tout l'océan ainsi que la plongée sous-marine. De leur rencontre va naître une amitié et un amour commun pour l'océan, elles décideront de rejoindre ensemble le club de plongée du lycée Yumegaoka.;https://str01-m.dpstream.media/a/4375/affiche_0bnlbtvotryoetp-1468007854.jpg;Manga Amanchu! streaming, Manga Amanchu! dpstream, Manga Amanchu! HD, Amanchu! streaming VF
110;4374;Tsukiuta. THE ANIMATION;ND;En cours;13;;13;"Dans le monde de Tsukiuta, les mois ont été anthropomorphisés. Il existe deux versions : une féminine et une masculine.

Dans la version masculine, l'histoire suit le groupe d'idol Six Gravity (Décembre à Mai) et leur rival Procellarum (Juin à Novembre) dans le contexte du Tōkyō moderne.

Dans la version féminine, l'histoire se place dans un monde parallèle à la Terre mais où les habitants gèrent et guident l'énergie spirituelle de ceux vivant sur Terre, afin de maintenir la co-existence et co-prospérité des deux mondes. Les femmes de ce monde sont considérées comme des déesses par les habitants de la Terre. Six jeunes filles (Décembre à Mai) étudient dans une école spéciale qui regroupe des individus talentueux aspirant à devenir des déesses.";https://str01-m.dpstream.media/a/4374/affiche_ukw7lc1r6m539sg-1468005484.jpg;Manga Tsukiuta. THE ANIMATION streaming, Manga Tsukiuta. THE ANIMATION dpstream, Manga Tsukiuta. THE ANIMATION HD, Tsukiuta. THE ANIMATION streaming VF
111;4373;Hatsukoi Monster;ND;En cours;12;;12;Kaho Nikaido est une étudiante âgée de quinze ans qui décide de quitter le nid familial pour vivre avec ses camarades dans les dortoirs de son lycée. Elle est un jour sauvée d'un accident par un bel inconnu. C'est un véritable coup de foudre pour Kaho qui part à sa recherche pour lui avouer ses sentiments. Celui-ci se nomme Kanade et il n'est autre que le fils du propriétaire de son logement. Après avoir entendu les sentiments de notre héroïne, Kanade accepte de sortir avec elle. Toutefois, son bonheur sera de courte durée lorsqu'elle apprend qu'il est scolarisé en école primaire...;https://str01-m.dpstream.media/a/4373/affiche_04ibdc4teqey2eh-1468004549.jpg;Manga Hatsukoi Monster streaming, Manga Hatsukoi Monster dpstream, Manga Hatsukoi Monster HD, Hatsukoi Monster streaming VF
112;4372;Bananya;ND;En cours;13;;13;Série TV sur la récente mascotte de Q-Lia: Bananya;https://str01-m.dpstream.media/a/4372/affiche_bmoiyxuzgbrq3hr-1468003684.jpg;Manga Bananya streaming, Manga Bananya dpstream, Manga Bananya HD, Bananya streaming VF
113;4371;91 Days;ND;En cours;12;;12;Au temps de la Prohibition, un quartier échappe à la loi. Ses rues sont contrôlées par la mafia et l’alcool circule librement. À une époque, Avilio a vécu dans ce district, mais depuis une sale embrouille qui a coûté la vie à sa famille, il s’est mis au vert. Jusqu’au jour où il reçoit une mystérieuse lettre qui réveille en lui son désir de vengeance et l’exhorte à retourner là-bas. Il décide alors d’infiltrer la famille Vanetti et devient proche d’un certain Nero…;https://str01-m.dpstream.media/a/4371/e91939a4f48ac442425e1ded03ba36731467927131_full-1467994095.jpg;Manga 91 Days streaming, Manga 91 Days dpstream, Manga 91 Days HD, 91 Days streaming VF
114;4370;Alderamin on the Sky;Nejimaki Seirei Senki : Tenkyô no Alderamin;En cours;13;;13;L’empire Katjvarna est en guerre contre son pays voisin, la République de Kioka. Ikta Solork est paresseux et déteste la guerre, mais il passe pourtant des examens pour devenir un officier impérial. Personne n’imagine que ce jeune homme de 17 ans pourrait demain diriger une armée. Il se retrouve alors sur le front, aux côtés de Yatorishino Igsem, une femme ambitieuse...;https://str01-m.dpstream.media/a/4370/affiche_8g7l8bxd4upqk2u-1467994067.jpg;Manga Alderamin on the Sky  streaming, Manga Alderamin on the Sky  dpstream, Manga Alderamin on the Sky  HD, Alderamin on the Sky  streaming VF
115;4369;Binan Koukou Chikyuu Bouei-bu LOVE! LOVE!;Binan Kōkō Chikyū Bōei-bu Love! Love!;En cours;12;;12;"Titre alternatif : Binan Kōkō Chikyū Bōei-bu Love! Love! 2nd season / Cute High Earth Defense Club LOVE! LOVE!

Au lycée Binan existe un club de défense de la Terre où ses membres ne font pas grand-chose, jusqu’au jour où un wombat rose a débarqué et insisté lourdement pour qu’ils protègent la planète. Depuis, ces lycéens sont armés du pouvoir de l’amour pour combattre les actes malveillants.";https://str01-m.dpstream.media/a/4369/affiche_wexft4sswfx4l6g-1467916216.jpg;Manga Binan Koukou Chikyuu Bouei-bu LOVE! LOVE! streaming, Manga Binan Koukou Chikyuu Bouei-bu LOVE! LOVE! dpstream, Manga Binan Koukou Chikyuu Bouei-bu LOVE! LOVE! HD, Binan Koukou Chikyuu Bouei-bu LOVE! LOVE! streaming VF
116;4368;Ozmafia!!;ND;En cours;12;;12;"L'histoire se déroule dans un monde où différentes familles mafieuses contrôlent de vastes territoires. Parmi les familles les plus puissantes se trouve la famille Oz, dont font partie, entre autres, Caramia et Kyrie.

Un jour, ces derniers croisent par hasard la route d'une jeune fille amnésique prénommée Fuka, poursuivie par un mystérieux assassin. Intrigués, les deux mafieux décident de lui venir en aide.";https://str01-m.dpstream.media/a/4368/affiche_s5ygh0s9yckz9ik-1467885253.jpg;Manga Ozmafia!! streaming, Manga Ozmafia!! dpstream, Manga Ozmafia!! HD, Ozmafia!! streaming VF
117;4365;Fate/Kaleid Liner Prisma Illya 3rei!!;Fate/kaleid liner プリズマ☆イリヤ 3rei!!;En cours;12;;12;"Titre alternatif : Prisma Illya 3rei!!

Il s'agit de la suite de l'anime Fate/kaleid liner Prisma☆Illya 2wei Herz! Cette suite adapte le manga Fate/Kaleid Liner Prisma Illya 3rei!!

Avec ses amies, Illyasviel von Einzbern, surnommée Illya, a terminé son combat contre l’esprit qui résidait dans la huitième carte de classe. Il serait temps de profiter des vacances d’été si de nouveaux ennuis ne pointaient pas le bout de leur nez. Tandis qu’elle enquête sur de mystérieux événements au mont Enzô, une faille spatio-temporelle apparaît. Illya se réveille dans la ville de Fuyuki en plein hiver ! Mais est-ce vraiment le monde d’Illya ?";https://str01-m.dpstream.media/a/4365/affiche_bxnnxrwymrcuv4s-1467817394.jpg;Manga Fate/Kaleid Liner Prisma Illya 3rei!!  streaming, Manga Fate/Kaleid Liner Prisma Illya 3rei!!  dpstream, Manga Fate/Kaleid Liner Prisma Illya 3rei!!  HD, Fate/Kaleid Liner Prisma Illya 3rei!!  streaming VF
118;4364;Tales of Symphonia: The United World;ND;En cours;3;;ND;"La confrontation finale est proche. Lloyd et son groupe ont beaucoup appris sur les Elus, et la raison pour laquelle le monde a été séparé en deux. Lloyd en a, par la même occasion, beaucoup appris sur ses propres origines.

L'heure est désormais venu de connaitre les motivations d'Yggdrasil, Yuan et Kratos, ainsi que leur passés respectifs.

Dans le même temps, Zélos affrontera ses propres démons, et ce, juste avant un combat final où se joue le sort du monde, mais aussi les espoirs d'une jeune fille, et le salut d'une âme.";https://str01-m.dpstream.media/a/4364/tales_of_symphonia_the_animation_sekai_tougou-hen_2111-1467816944.jpg;Manga Tales of Symphonia: The United World streaming, Manga Tales of Symphonia: The United World dpstream, Manga Tales of Symphonia: The United World HD, Tales of Symphonia: The United World streaming VF
119;4363;Masou Gakuen HxH Non Censuré;Masō Gakuen H×H;En cours;12;;12;"Titre alternatif : Hybrid x Heart Magis Academy Ataraxia / Masou Gakuen Hybrid x Heart

À la demande de sa grande sœur, Kizuna Hida se rend à l’Académie d’Ataraxia où sont formées des pilotes affrontant des formes de vie extraterrestres à l’aide d’armures magiques. Sur place, le jeune homme fait la connaissance d’une de ces pilotes, Aine Chidorigafuchi. Kizuna apprend alors qu’il possède un pouvoir permettant de décupler les pouvoirs de ces jeunes filles lorsqu’il a envers elles... des gestes indécents !";https://str01-m.dpstream.media/a/4363/affiche_m05ee9u5x7voxsi-1467738377-1467746959.jpg;Manga Masou Gakuen HxH Non Censuré streaming, Manga Masou Gakuen HxH Non Censuré dpstream, Manga Masou Gakuen HxH Non Censuré HD, Masou Gakuen HxH Non Censuré streaming VF
120;4362;Masou Gakuen HxH;Masō Gakuen H×H;En cours;12;;12;"Titre alternatif : Hybrid x Heart Magis Academy Ataraxia / Masou Gakuen Hybrid x Heart

À la demande de sa grande sœur, Kizuna Hida se rend à l’Académie d’Ataraxia où sont formées des pilotes affrontant des formes de vie extraterrestres à l’aide d’armures magiques. Sur place, le jeune homme fait la connaissance d’une de ces pilotes, Aine Chidorigafuchi. Kizuna apprend alors qu’il possède un pouvoir permettant de décupler les pouvoirs de ces jeunes filles lorsqu’il a envers elles... des gestes indécents !";https://str01-m.dpstream.media/a/4362/affiche_m05ee9u5x7voxsi-1467738377.jpg;Manga Masou Gakuen HxH streaming, Manga Masou Gakuen HxH dpstream, Manga Masou Gakuen HxH HD, Masou Gakuen HxH streaming VF
121;4361;New Game!;ND;En cours;12;;12;Après avoir terminé ses études secondaires, Aoba Suzukaze ne souhaite qu'une chose : réaliser son rêve et travailler dans l'industrie du divertissement. Quoi de plus réjouissant que de rejoindre l'éditeur de jeux vidéo à l'origine de son jeu préféré ? Commencent alors les péripéties d'Aoba au boulot. Fous rires et travail acharné sont au programme !;https://str01-m.dpstream.media/a/4361/57dc4a23d0aa52730ba167e26457f7411467683510_full-1467737457.jpg;Manga New Game! streaming, Manga New Game! dpstream, Manga New Game! HD, New Game! streaming VF
122;4360;Fudanshi Koukou Seikatsu;Fudanshi Kōkō Seikatsu;En cours;12;;12;Ryô Sakaguchi est ce qu’on appelle un « fudanshi », un garçon qui adore lire des histoires yaoi (sans pour autant être attiré par les hommes) ! Il traîne avec ses amis, Rumi (une fujoshi, également amatrice de yaoi), Yûjirô (ouvertement gay, lui) et Daigo (un gars complètement hétéro).;https://str01-m.dpstream.media/a/4360/affiche_ptuc4dfqpcvfmep-1467729977.jpg;Manga Fudanshi Koukou Seikatsu streaming, Manga Fudanshi Koukou Seikatsu dpstream, Manga Fudanshi Koukou Seikatsu HD, Fudanshi Koukou Seikatsu streaming VF
123;4359;Taboo-Tattoo;ND;En cours;12;;12;"Seigi est un jeune artiste martial et se trouve souvent à protéger les personnes les plus faibles autour de lui. Un jour, il défend un sans-abri contre une bande de punks, l'homme va lui donner un étrange tatouage sur sa main. Le tatouage se révèle être une arme secrète produite dans la course aux armements entre l'Amérique et le Royaume de Sélinisthan.

Seigi se retrouve poursuivit par une combattante utilisant la même arme que lui. Ses compétences en arts martiaux semblent être insuffisante pour le maintenir en vie, mais sera-t-il capable d'apprendre à déclencher la puissance de son tatouage à temps ?";https://str01-m.dpstream.media/a/4359/affiche_zkfezsrkmuwxg7k-1467659177.jpg;Manga Taboo-Tattoo streaming, Manga Taboo-Tattoo dpstream, Manga Taboo-Tattoo HD, Taboo-Tattoo streaming VF
124;4358;Amaama to Inazuma;ND;En cours;12;;12;"Depuis la mort de sa femme, un jeune enseignant s’occupe seul de sa petite fille, Tsumugi. N’étant pas un adepte de la cuisine, il se contente bien souvent d’acheter des plats cuisinés au supermarché du coin.

Jusqu’au jour où, dans un restaurant, il croise une de ses élèves. Surpris, il apprend que sa mère tient le commerce. Il va alors apprendre à cuisiner de bons petits plats…";https://str01-m.dpstream.media/a/4358/affiche_rsoj32orijsqogq-1467760774.jpg;Manga Amaama to Inazuma streaming, Manga Amaama to Inazuma dpstream, Manga Amaama to Inazuma HD, Amaama to Inazuma streaming VF
125;4357;Fukigen na Mononokean;ND;En cours;13;;13;Hanae Ashiya vient de passer sa première semaine au lycée coincé à l’infirmerie à cause d’un yôkai qui le poursuivait. Il finit par demander de l’aide à Haruitsuki Abeno, le propriétaire du Mononokean, un petit salon de thé. Ce dernier est justement maître mononoké, un exorciste aidant les esprits égarés dans notre monde à retrouver leur chemin...;https://str01-m.dpstream.media/a/4357/affiche_zn7l3z4fwewf4ft-1467559690.jpg;Manga Fukigen na Mononokean streaming, Manga Fukigen na Mononokean dpstream, Manga Fukigen na Mononokean HD, Fukigen na Mononokean streaming VF
